cart_id,user_id,created_ts,status
1,8,2026-04-01 15:51:29,abandoned
2,36,2026-04-01 15:10:47,converted
3,22,2026-04-01 13:34:05,converted
4,38,2026-04-01 22:01:54,converted
5,39,2026-04-01 21:31:14,abandoned
6,26,2026-04-01 19:53:29,converted
7,27,2026-04-01 12:05:30,converted
8,37,2026-04-01 22:29:44,abandoned
9,8,2026-04-01 20:10:19,abandoned
10,25,2026-04-01 14:45:12,abandoned
11,52,2026-04-01 09:36:50,abandoned
12,1,2026-04-01 21:52:31,abandoned
13,59,2026-04-01 17:30:29,converted
14,32,2026-04-01 11:51:16,converted
15,15,2026-04-01 14:15:19,converted
16,13,2026-04-01 13:47:34,abandoned
17,49,2026-04-01 17:18:06,converted
18,56,2026-04-01 20:06:55,converted
19,44,2026-04-01 07:09:51,abandoned
20,39,2026-04-01 18:39:14,abandoned
21,28,2026-04-01 13:39:03,converted
22,45,2026-04-01 21:04:43,abandoned
23,35,2026-04-02 11:09:58,converted
24,18,2026-04-02 16:31:28,abandoned
25,2,2026-04-02 09:43:53,abandoned
26,18,2026-04-02 18:48:48,converted
27,43,2026-04-02 09:10:21,abandoned
28,30,2026-04-02 08:16:20,converted
29,60,2026-04-02 12:56:44,abandoned
30,20,2026-04-02 17:35:26,converted
31,48,2026-04-02 21:55:04,abandoned
32,19,2026-04-02 19:53:37,abandoned
33,35,2026-04-02 14:59:20,abandoned
34,59,2026-04-02 20:24:42,abandoned
35,22,2026-04-02 21:55:54,converted
36,6,2026-04-02 21:54:43,abandoned
37,32,2026-04-02 21:02:39,converted
38,16,2026-04-02 17:36:43,converted
39,43,2026-04-02 02:51:29,abandoned
40,41,2026-04-02 22:44:16,converted
41,50,2026-04-02 20:03:58,converted
42,54,2026-04-02 10:06:57,converted
43,24,2026-04-03 17:58:17,converted
44,47,2026-04-03 19:25:54,abandoned
45,30,2026-04-03 13:47:43,converted
46,53,2026-04-03 15:44:19,converted
47,48,2026-04-03 19:34:26,abandoned
48,18,2026-04-03 06:23:13,converted
49,22,2026-04-03 12:08:50,converted
50,9,2026-04-03 17:51:11,abandoned
51,2,2026-04-03 11:03:08,abandoned
52,33,2026-04-03 18:28:32,abandoned
53,2,2026-04-03 08:30:54,abandoned
54,5,2026-04-03 09:39:40,converted
55,27,2026-04-03 13:29:25,converted
56,48,2026-04-03 14:08:35,abandoned
57,56,2026-04-03 21:03:18,converted
58,15,2026-04-03 20:54:35,abandoned
59,2,2026-04-03 11:44:48,converted
60,25,2026-04-03 14:21:10,abandoned
61,4,2026-04-03 19:17:28,converted
62,20,2026-04-03 07:25:38,abandoned
63,19,2026-04-03 13:00:31,converted
64,30,2026-04-03 21:55:20,converted
65,16,2026-04-04 15:25:33,abandoned
66,8,2026-04-04 17:12:57,converted
67,32,2026-04-04 15:36:48,converted
68,29,2026-04-04 07:23:53,abandoned
69,58,2026-04-04 07:58:51,converted
70,3,2026-04-04 12:28:28,converted
71,7,2026-04-04 17:24:18,converted
72,51,2026-04-04 13:08:42,converted
73,35,2026-04-04 21:56:33,converted
74,24,2026-04-04 19:15:28,abandoned
75,31,2026-04-04 21:12:23,converted
76,17,2026-04-04 07:30:55,abandoned
77,54,2026-04-04 15:58:14,converted
78,3,2026-04-04 12:53:30,converted
79,50,2026-04-04 12:19:07,converted
80,1,2026-04-04 18:15:36,abandoned
81,33,2026-04-04 17:24:55,converted
82,22,2026-04-04 20:11:53,abandoned
83,5,2026-04-04 19:29:02,converted
84,22,2026-04-04 12:51:23,converted
85,28,2026-04-04 08:38:52,abandoned
86,20,2026-04-04 15:45:27,abandoned
87,23,2026-04-04 18:27:17,abandoned
88,48,2026-04-04 19:01:09,abandoned
89,24,2026-04-04 14:36:02,converted
90,59,2026-04-04 17:16:49,abandoned
91,32,2026-04-04 11:08:54,abandoned
92,55,2026-04-04 23:42:22,abandoned
93,46,2026-04-04 19:44:40,converted
94,40,2026-04-05 21:04:19,converted
95,12,2026-04-05 20:08:27,abandoned
96,15,2026-04-05 13:33:57,abandoned
97,9,2026-04-05 18:39:34,abandoned
98,22,2026-04-05 21:36:02,abandoned
99,17,2026-04-05 19:49:36,converted
100,39,2026-04-05 10:55:45,converted
101,58,2026-04-05 10:20:59,abandoned
102,32,2026-04-05 21:31:01,converted
103,35,2026-04-05 02:06:27,converted
104,49,2026-04-05 17:52:39,abandoned
105,22,2026-04-05 17:23:48,converted
106,21,2026-04-05 22:20:10,abandoned
107,33,2026-04-05 17:45:36,abandoned
108,51,2026-04-05 21:55:44,abandoned
109,50,2026-04-05 18:14:46,abandoned
110,54,2026-04-05 14:52:43,converted
111,55,2026-04-05 20:03:45,abandoned
112,25,2026-04-05 13:11:29,abandoned
113,44,2026-04-05 19:44:16,converted
114,60,2026-04-05 22:46:17,abandoned
115,53,2026-04-05 13:49:51,converted
116,9,2026-04-05 09:47:37,converted
117,60,2026-04-05 10:41:59,converted
118,55,2026-04-05 22:58:58,abandoned
119,60,2026-04-05 20:55:59,converted
120,33,2026-04-05 16:12:51,abandoned
121,22,2026-04-06 20:36:43,abandoned
122,6,2026-04-06 14:06:11,converted
123,24,2026-04-06 19:03:42,abandoned
124,57,2026-04-06 19:19:44,abandoned
125,39,2026-04-06 14:44:35,abandoned
126,34,2026-04-06 15:45:23,abandoned
127,13,2026-04-06 18:09:10,abandoned
128,32,2026-04-06 08:32:28,abandoned
129,36,2026-04-06 15:51:19,abandoned
130,3,2026-04-06 15:44:04,abandoned
131,19,2026-04-06 14:49:08,converted
132,15,2026-04-06 21:48:01,converted
133,27,2026-04-06 18:59:56,converted
134,14,2026-04-06 20:49:03,converted
135,28,2026-04-06 17:03:22,converted
136,4,2026-04-06 17:26:35,abandoned
137,60,2026-04-06 15:23:05,converted
138,20,2026-04-06 22:00:13,converted
139,47,2026-04-07 16:53:20,abandoned
140,48,2026-04-07 10:16:35,converted
141,49,2026-04-07 20:46:41,abandoned
142,32,2026-04-07 11:56:34,converted
143,59,2026-04-07 16:31:01,abandoned
144,35,2026-04-07 23:01:32,converted
145,16,2026-04-07 23:14:19,abandoned
146,41,2026-04-07 02:10:05,abandoned
147,7,2026-04-07 21:58:02,abandoned
148,37,2026-04-07 19:11:59,abandoned
149,46,2026-04-07 20:59:04,converted
150,23,2026-04-07 07:27:14,converted
151,25,2026-04-07 15:43:37,converted
152,24,2026-04-07 09:00:19,abandoned
153,33,2026-04-07 14:01:05,abandoned
154,1,2026-04-07 12:24:49,abandoned
155,5,2026-04-07 10:17:26,abandoned
156,40,2026-04-07 11:06:08,abandoned
157,39,2026-04-07 10:20:38,converted
158,18,2026-04-07 20:25:23,converted
159,54,2026-04-07 19:52:54,converted
160,38,2026-04-07 14:32:59,abandoned
161,41,2026-04-08 21:06:49,abandoned
162,49,2026-04-08 13:50:27,abandoned
163,38,2026-04-08 19:14:28,converted
164,10,2026-04-08 13:21:29,converted
165,42,2026-04-08 09:51:10,converted
166,57,2026-04-08 11:37:27,converted
167,34,2026-04-08 22:20:38,abandoned
168,40,2026-04-08 11:43:45,converted
169,42,2026-04-08 22:11:35,abandoned
170,4,2026-04-08 21:00:31,abandoned
171,29,2026-04-08 16:05:36,converted
172,53,2026-04-08 23:34:52,abandoned
173,49,2026-04-08 12:55:02,abandoned
174,50,2026-04-08 20:13:51,converted
175,19,2026-04-08 18:54:32,abandoned
176,18,2026-04-08 21:08:44,abandoned
177,44,2026-04-08 14:09:36,abandoned
178,26,2026-04-08 17:17:44,converted
179,5,2026-04-08 20:25:13,abandoned
180,9,2026-04-08 17:31:50,abandoned
181,55,2026-04-09 10:29:00,converted
182,26,2026-04-09 18:46:44,converted
183,56,2026-04-09 15:08:30,converted
184,5,2026-04-09 17:00:39,converted
185,47,2026-04-09 14:27:20,abandoned
186,47,2026-04-09 18:49:44,abandoned
187,19,2026-04-09 19:50:57,abandoned
188,39,2026-04-09 08:56:00,abandoned
189,50,2026-04-09 08:37:04,converted
190,35,2026-04-09 18:17:05,converted
191,28,2026-04-09 20:54:15,abandoned
192,4,2026-04-09 13:47:42,converted
193,56,2026-04-09 12:56:07,converted
194,7,2026-04-09 21:43:46,converted
195,42,2026-04-09 14:20:15,abandoned
196,4,2026-04-09 11:51:33,abandoned
197,24,2026-04-09 11:36:50,abandoned
198,13,2026-04-09 20:34:48,abandoned
199,45,2026-04-10 21:21:00,abandoned
200,16,2026-04-10 14:03:09,abandoned
201,45,2026-04-10 21:29:47,converted
202,60,2026-04-10 20:44:53,abandoned
203,9,2026-04-10 20:37:06,converted
204,44,2026-04-10 13:45:44,abandoned
205,23,2026-04-10 14:03:43,abandoned
206,36,2026-04-10 12:29:06,abandoned
207,15,2026-04-10 10:52:25,abandoned
208,13,2026-04-10 21:28:51,converted
209,10,2026-04-10 06:39:39,abandoned
210,6,2026-04-10 12:08:26,abandoned
211,25,2026-04-10 20:22:30,converted
212,31,2026-04-10 17:49:37,abandoned
213,49,2026-04-10 23:14:36,abandoned
214,45,2026-04-10 13:37:01,abandoned
215,13,2026-04-10 21:51:56,converted
216,9,2026-04-10 13:11:58,converted
217,20,2026-04-10 13:10:46,abandoned
218,60,2026-04-10 18:22:14,converted
219,52,2026-04-10 22:14:40,abandoned
220,6,2026-04-10 20:42:40,converted
221,57,2026-04-11 14:56:24,abandoned
222,49,2026-04-11 19:10:28,converted
223,58,2026-04-11 16:01:27,converted
224,20,2026-04-11 12:03:25,converted
225,55,2026-04-11 09:50:25,converted
226,6,2026-04-11 19:51:34,converted
227,46,2026-04-11 06:36:57,abandoned
228,29,2026-04-11 11:10:13,abandoned
229,13,2026-04-11 23:40:09,abandoned
230,36,2026-04-11 13:17:33,abandoned
231,38,2026-04-11 20:06:59,abandoned
232,37,2026-04-11 18:02:11,converted
233,24,2026-04-11 05:52:50,abandoned
234,56,2026-04-11 12:19:47,converted
235,46,2026-04-11 16:08:49,abandoned
236,16,2026-04-11 06:03:58,abandoned
237,41,2026-04-11 22:43:01,abandoned
238,38,2026-04-11 17:22:10,converted
239,18,2026-04-11 19:32:01,converted
240,34,2026-04-11 20:25:37,abandoned
241,19,2026-04-11 12:06:30,converted
242,2,2026-04-11 19:18:16,abandoned
243,53,2026-04-11 11:46:45,abandoned
244,33,2026-04-11 12:10:53,converted
245,15,2026-04-11 13:47:55,abandoned
246,31,2026-04-11 07:40:37,converted
247,59,2026-04-11 23:09:20,abandoned
248,12,2026-04-11 13:03:00,converted
249,25,2026-04-11 01:34:12,abandoned
250,9,2026-04-12 09:32:37,converted
251,58,2026-04-12 16:48:12,converted
252,39,2026-04-12 23:42:06,converted
253,43,2026-04-12 09:33:17,converted
254,11,2026-04-12 07:31:58,abandoned
255,32,2026-04-12 10:05:49,abandoned
256,17,2026-04-12 15:06:52,abandoned
257,28,2026-04-12 20:06:54,converted
258,12,2026-04-12 09:25:29,abandoned
259,52,2026-04-12 10:08:44,converted
260,57,2026-04-12 14:02:04,abandoned
261,37,2026-04-12 11:42:55,abandoned
262,16,2026-04-12 16:42:43,abandoned
263,1,2026-04-12 19:10:32,converted
264,37,2026-04-12 15:54:31,converted
265,41,2026-04-12 13:32:35,abandoned
266,22,2026-04-12 17:39:38,converted
267,32,2026-04-12 10:45:47,converted
268,60,2026-04-12 18:43:37,converted
269,43,2026-04-12 18:56:20,abandoned
270,18,2026-04-12 14:21:18,abandoned
271,33,2026-04-12 12:44:35,converted
272,21,2026-04-12 19:48:22,abandoned
273,35,2026-04-12 12:54:27,converted
274,51,2026-04-13 12:48:34,converted
275,36,2026-04-13 07:47:16,abandoned
276,49,2026-04-13 18:47:38,converted
277,17,2026-04-13 01:29:45,abandoned
278,41,2026-04-13 18:42:19,abandoned
279,34,2026-04-13 11:11:33,converted
280,40,2026-04-13 17:35:52,abandoned
281,40,2026-04-13 12:02:43,abandoned
282,19,2026-04-13 06:33:52,converted
283,35,2026-04-13 02:04:13,abandoned
284,48,2026-04-13 20:41:52,converted
285,26,2026-04-13 15:01:24,abandoned
286,3,2026-04-13 19:04:22,converted
287,26,2026-04-13 20:54:34,abandoned
288,10,2026-04-13 09:00:36,abandoned
289,58,2026-04-13 19:13:26,converted
290,19,2026-04-13 19:16:06,abandoned
291,16,2026-04-13 09:39:04,abandoned
292,10,2026-04-14 17:23:51,abandoned
293,46,2026-04-14 20:27:17,abandoned
294,23,2026-04-14 20:31:35,abandoned
295,17,2026-04-14 20:40:04,converted
296,55,2026-04-14 12:29:32,converted
297,43,2026-04-14 21:09:47,abandoned
298,34,2026-04-14 21:23:24,abandoned
299,7,2026-04-14 19:33:40,abandoned
300,58,2026-04-14 21:33:16,abandoned
301,1,2026-04-14 16:08:28,converted
302,31,2026-04-14 19:30:13,abandoned
303,9,2026-04-14 18:02:57,abandoned
304,26,2026-04-14 18:36:40,abandoned
305,31,2026-04-14 10:53:26,abandoned
306,39,2026-04-14 18:14:24,abandoned
307,44,2026-04-14 14:09:38,abandoned
308,35,2026-04-14 16:07:05,converted
309,52,2026-04-14 16:49:24,abandoned
310,59,2026-04-14 21:18:38,abandoned
311,1,2026-04-14 18:07:33,abandoned
312,17,2026-04-14 12:34:27,converted
313,50,2026-04-14 19:47:08,converted
314,6,2026-04-15 20:30:59,converted
315,39,2026-04-15 07:49:52,abandoned
316,52,2026-04-15 17:12:02,abandoned
317,24,2026-04-15 12:00:10,converted
318,36,2026-04-15 21:22:22,abandoned
319,26,2026-04-15 18:16:11,converted
320,29,2026-04-15 22:36:30,abandoned
321,17,2026-04-15 08:40:50,abandoned
322,45,2026-04-15 21:15:18,converted
323,48,2026-04-15 12:16:13,abandoned
324,44,2026-04-15 22:31:39,abandoned
325,57,2026-04-15 21:55:17,abandoned
326,31,2026-04-15 22:02:32,abandoned
327,45,2026-04-15 02:43:13,converted
328,14,2026-04-15 14:48:23,converted
329,25,2026-04-15 11:51:47,abandoned
330,34,2026-04-15 17:20:50,converted
331,17,2026-04-15 13:35:35,converted
332,44,2026-04-16 16:49:47,abandoned
333,10,2026-04-16 21:40:51,abandoned
334,5,2026-04-16 08:21:14,abandoned
335,24,2026-04-16 20:33:28,converted
336,57,2026-04-16 16:03:01,abandoned
337,6,2026-04-16 19:56:24,converted
338,30,2026-04-16 22:34:59,abandoned
339,41,2026-04-16 20:56:36,converted
340,9,2026-04-16 13:30:34,abandoned
341,36,2026-04-16 14:26:56,abandoned
342,54,2026-04-16 14:16:05,abandoned
343,19,2026-04-16 19:34:51,converted
344,35,2026-04-16 05:06:18,converted
345,10,2026-04-16 07:49:25,converted
346,16,2026-04-16 20:02:12,converted
347,13,2026-04-16 13:03:55,converted
348,6,2026-04-16 19:21:59,abandoned
349,7,2026-04-16 09:14:20,converted
350,37,2026-04-16 11:22:20,abandoned
351,5,2026-04-16 17:28:18,abandoned
352,12,2026-04-17 21:39:54,converted
353,34,2026-04-17 19:02:53,abandoned
354,7,2026-04-17 06:41:53,converted
355,54,2026-04-17 08:51:40,abandoned
356,4,2026-04-17 20:17:33,converted
357,37,2026-04-17 18:11:35,abandoned
358,44,2026-04-17 15:42:27,abandoned
359,43,2026-04-17 10:38:28,converted
360,47,2026-04-17 06:18:38,abandoned
361,14,2026-04-17 21:01:49,converted
362,14,2026-04-17 20:46:20,converted
363,22,2026-04-17 13:52:27,converted
364,26,2026-04-17 22:48:38,converted
365,33,2026-04-17 15:44:08,abandoned
366,13,2026-04-17 17:47:33,abandoned
367,6,2026-04-17 09:26:27,converted
368,60,2026-04-17 20:12:43,abandoned
369,10,2026-04-17 21:52:18,converted
370,45,2026-04-17 19:24:37,converted
371,43,2026-04-17 21:42:23,converted
372,36,2026-04-18 22:01:02,abandoned
373,2,2026-04-18 13:22:22,converted
374,15,2026-04-18 10:57:25,abandoned
375,56,2026-04-18 18:14:26,converted
376,20,2026-04-18 19:57:33,abandoned
377,11,2026-04-18 13:35:34,converted
378,53,2026-04-18 21:59:47,abandoned
379,18,2026-04-18 18:39:14,abandoned
380,31,2026-04-18 10:54:38,converted
381,49,2026-04-18 11:11:59,converted
382,21,2026-04-18 14:47:36,abandoned
383,53,2026-04-18 21:56:15,abandoned
384,41,2026-04-18 22:12:18,abandoned
385,45,2026-04-18 17:09:29,abandoned
386,58,2026-04-18 19:08:25,abandoned
387,58,2026-04-18 11:29:05,abandoned
388,6,2026-04-18 17:24:46,converted
389,12,2026-04-18 20:03:26,converted
390,16,2026-04-18 11:42:30,converted
391,43,2026-04-18 18:38:19,converted
392,30,2026-04-18 20:23:59,abandoned
393,54,2026-04-18 17:18:30,abandoned
394,40,2026-04-18 07:36:46,abandoned
395,60,2026-04-18 20:45:18,abandoned
396,47,2026-04-18 18:31:51,converted
397,27,2026-04-18 07:22:35,converted
398,26,2026-04-18 19:39:01,abandoned
399,31,2026-04-18 20:41:08,abandoned
400,4,2026-04-18 21:19:36,abandoned
401,22,2026-04-18 20:56:50,abandoned
402,25,2026-04-18 11:07:55,converted
403,51,2026-04-19 07:12:58,converted
404,7,2026-04-19 20:33:43,abandoned
405,34,2026-04-19 09:19:59,abandoned
406,43,2026-04-19 20:01:36,abandoned
407,50,2026-04-19 15:07:17,abandoned
408,7,2026-04-19 11:22:35,converted
409,26,2026-04-19 11:38:57,abandoned
410,43,2026-04-19 20:05:59,abandoned
411,45,2026-04-19 16:29:19,abandoned
412,40,2026-04-19 12:23:25,abandoned
413,55,2026-04-19 10:49:22,abandoned
414,7,2026-04-19 13:41:04,converted
415,28,2026-04-19 20:27:36,abandoned
416,48,2026-04-19 22:36:53,converted
417,53,2026-04-19 14:31:41,abandoned
418,41,2026-04-19 20:48:09,abandoned
419,13,2026-04-19 11:56:20,abandoned
420,38,2026-04-19 02:32:25,converted
421,21,2026-04-19 19:25:24,converted
422,9,2026-04-19 03:41:01,converted
423,29,2026-04-19 14:14:11,converted
424,46,2026-04-19 13:37:30,abandoned
425,50,2026-04-19 12:33:05,abandoned
426,43,2026-04-19 08:40:34,abandoned
427,30,2026-04-20 16:30:36,converted
428,37,2026-04-20 07:18:51,abandoned
429,55,2026-04-20 20:16:08,converted
430,45,2026-04-20 12:11:51,abandoned
431,53,2026-04-20 10:31:48,abandoned
432,54,2026-04-20 13:41:16,abandoned
433,31,2026-04-20 20:48:59,converted
434,3,2026-04-20 09:34:40,converted
435,22,2026-04-20 19:11:20,abandoned
436,23,2026-04-20 11:18:16,abandoned
437,58,2026-04-20 21:38:40,abandoned
438,58,2026-04-20 09:11:16,converted
439,4,2026-04-20 12:52:16,converted
440,46,2026-04-20 12:02:04,abandoned
441,60,2026-04-20 07:24:17,abandoned
442,50,2026-04-20 16:27:25,abandoned
443,31,2026-04-20 09:34:59,abandoned
444,42,2026-04-20 08:34:54,converted
445,45,2026-04-21 13:05:56,abandoned
446,32,2026-04-21 14:50:34,converted
447,34,2026-04-21 15:43:55,converted
448,20,2026-04-21 20:06:29,abandoned
449,5,2026-04-21 20:27:21,abandoned
450,51,2026-04-21 11:02:37,converted
451,41,2026-04-21 18:49:10,abandoned
452,46,2026-04-21 19:56:18,abandoned
453,27,2026-04-21 12:11:39,converted
454,40,2026-04-21 13:48:34,converted
455,4,2026-04-21 19:18:13,abandoned
456,60,2026-04-21 17:10:50,abandoned
457,38,2026-04-21 18:26:12,converted
458,9,2026-04-21 15:12:40,abandoned
459,4,2026-04-21 12:07:54,converted
460,15,2026-04-21 08:54:33,converted
461,31,2026-04-21 20:32:02,converted
462,42,2026-04-21 23:01:30,abandoned
463,2,2026-04-21 23:29:49,converted
464,40,2026-04-21 17:50:13,converted
465,36,2026-04-22 19:35:45,converted
466,21,2026-04-22 13:17:32,abandoned
467,33,2026-04-22 17:07:30,abandoned
468,45,2026-04-22 20:56:04,abandoned
469,5,2026-04-22 09:17:07,abandoned
470,19,2026-04-22 14:43:34,abandoned
471,19,2026-04-22 11:01:55,abandoned
472,21,2026-04-22 16:42:44,converted
473,23,2026-04-22 12:10:39,abandoned
474,43,2026-04-22 20:10:15,converted
475,10,2026-04-22 22:59:20,abandoned
476,37,2026-04-22 19:51:36,converted
477,51,2026-04-22 22:17:12,abandoned
478,33,2026-04-22 14:31:20,converted
479,29,2026-04-22 21:05:13,converted
480,14,2026-04-22 13:55:33,converted
481,9,2026-04-22 11:53:24,converted
482,54,2026-04-22 18:07:41,abandoned
483,16,2026-04-22 06:48:17,abandoned
484,45,2026-04-22 20:23:32,converted
485,23,2026-04-23 07:18:33,converted
486,20,2026-04-23 12:44:44,converted
487,15,2026-04-23 21:50:57,converted
488,34,2026-04-23 20:21:11,abandoned
489,10,2026-04-23 19:19:08,converted
490,51,2026-04-23 09:38:13,converted
491,33,2026-04-23 17:06:52,abandoned
492,11,2026-04-23 21:34:00,abandoned
493,31,2026-04-23 13:37:11,abandoned
494,21,2026-04-23 09:07:33,converted
495,28,2026-04-23 11:04:57,abandoned
496,32,2026-04-23 19:25:28,abandoned
497,48,2026-04-23 22:10:04,abandoned
498,8,2026-04-23 12:27:46,abandoned
499,23,2026-04-23 16:38:25,converted
500,5,2026-04-23 16:01:11,converted
501,22,2026-04-23 20:34:34,converted
502,20,2026-04-23 19:31:48,abandoned
503,26,2026-04-23 12:37:24,converted
504,23,2026-04-23 14:03:42,abandoned
505,5,2026-04-23 21:07:21,abandoned
506,37,2026-04-23 17:26:17,converted
507,33,2026-04-23 20:42:21,abandoned
508,51,2026-04-23 08:54:34,converted
509,52,2026-04-24 17:27:13,converted
510,36,2026-04-24 11:01:40,abandoned
511,30,2026-04-24 12:40:34,converted
512,14,2026-04-24 21:17:52,converted
513,28,2026-04-24 19:02:12,converted
514,58,2026-04-24 08:38:19,abandoned
515,9,2026-04-24 12:36:47,abandoned
516,17,2026-04-24 16:05:15,abandoned
517,48,2026-04-24 12:27:13,converted
518,44,2026-04-24 12:17:56,abandoned
519,2,2026-04-24 19:57:38,abandoned
520,45,2026-04-24 13:51:43,abandoned
521,59,2026-04-24 12:05:59,converted
522,6,2026-04-24 20:31:30,converted
523,51,2026-04-24 19:00:25,converted
524,21,2026-04-24 15:55:47,abandoned
525,13,2026-04-24 08:23:11,abandoned
526,60,2026-04-24 17:39:40,abandoned
527,11,2026-04-24 07:39:27,abandoned
528,1,2026-04-24 19:27:49,abandoned
529,56,2026-04-25 20:17:18,abandoned
530,53,2026-04-25 12:43:12,abandoned
531,16,2026-04-25 18:58:15,converted
532,4,2026-04-25 07:59:15,abandoned
533,39,2026-04-25 19:51:02,converted
534,22,2026-04-25 21:08:05,converted
535,57,2026-04-25 12:53:48,converted
536,10,2026-04-25 07:11:02,abandoned
537,60,2026-04-25 16:28:22,abandoned
538,56,2026-04-25 10:22:05,abandoned
539,37,2026-04-25 21:37:13,converted
540,6,2026-04-25 15:45:42,abandoned
541,29,2026-04-25 13:46:46,converted
542,56,2026-04-25 14:01:54,abandoned
543,42,2026-04-25 10:19:31,converted
544,24,2026-04-25 18:27:40,abandoned
545,42,2026-04-25 19:09:59,abandoned
546,31,2026-04-25 12:08:43,converted
547,17,2026-04-25 18:49:32,converted
548,22,2026-04-25 22:55:51,abandoned
549,28,2026-04-25 17:00:25,converted
550,44,2026-04-25 22:43:25,converted
551,54,2026-04-25 18:50:34,converted
552,38,2026-04-25 12:18:36,abandoned
553,27,2026-04-26 21:47:37,converted
554,4,2026-04-26 17:27:36,converted
555,23,2026-04-26 15:32:14,abandoned
556,27,2026-04-26 21:43:41,abandoned
557,9,2026-04-26 11:10:38,abandoned
558,23,2026-04-26 21:22:43,converted
559,36,2026-04-26 12:09:54,abandoned
560,29,2026-04-26 20:53:48,abandoned
561,7,2026-04-26 20:02:32,converted
562,29,2026-04-26 22:49:49,converted
563,9,2026-04-26 20:26:58,converted
564,21,2026-04-26 14:49:10,abandoned
565,58,2026-04-26 18:40:45,abandoned
566,20,2026-04-26 19:20:58,converted
567,13,2026-04-26 21:05:02,abandoned
568,14,2026-04-26 09:35:19,abandoned
569,16,2026-04-26 21:19:46,converted
570,1,2026-04-26 15:15:51,converted
571,48,2026-04-26 12:20:33,abandoned
572,6,2026-04-26 09:27:56,abandoned
573,38,2026-04-26 17:49:25,abandoned
574,32,2026-04-26 20:26:52,converted
575,36,2026-04-26 13:07:38,converted
576,10,2026-04-26 20:26:03,abandoned
577,32,2026-04-26 00:35:22,abandoned
578,58,2026-04-26 13:24:30,converted
579,26,2026-04-26 13:02:42,abandoned
580,46,2026-04-26 13:41:07,abandoned
581,37,2026-04-26 17:48:30,converted
582,38,2026-04-27 07:55:59,abandoned
583,25,2026-04-27 12:07:06,converted
584,20,2026-04-27 14:20:09,abandoned
585,4,2026-04-27 11:48:38,converted
586,57,2026-04-27 05:35:37,converted
587,35,2026-04-27 23:50:15,converted
588,18,2026-04-27 18:53:43,abandoned
589,3,2026-04-27 10:34:36,abandoned
590,18,2026-04-27 21:13:39,converted
591,39,2026-04-27 16:57:00,abandoned
592,51,2026-04-27 21:41:04,converted
593,44,2026-04-27 21:22:12,converted
594,26,2026-04-27 09:17:36,abandoned
595,44,2026-04-27 18:11:04,abandoned
596,47,2026-04-27 20:12:54,abandoned
597,42,2026-04-27 07:20:27,abandoned
598,24,2026-04-27 17:02:56,converted
599,45,2026-04-27 15:04:58,abandoned
600,2,2026-04-27 16:51:01,abandoned
601,54,2026-04-27 07:21:33,converted
602,41,2026-04-27 15:06:43,abandoned
603,27,2026-04-27 12:38:50,converted
604,46,2026-04-28 08:50:53,converted
605,28,2026-04-28 16:41:48,converted
606,4,2026-04-28 12:52:53,converted
607,45,2026-04-28 13:37:36,converted
608,16,2026-04-28 16:49:52,converted
609,3,2026-04-28 22:12:12,converted
610,9,2026-04-28 14:50:56,abandoned
611,52,2026-04-28 23:56:27,converted
612,59,2026-04-28 07:39:37,converted
613,31,2026-04-28 20:39:04,abandoned
614,12,2026-04-28 13:23:33,abandoned
615,38,2026-04-28 19:13:14,converted
616,19,2026-04-28 15:22:14,abandoned
617,28,2026-04-28 14:51:31,converted
618,18,2026-04-28 22:06:07,abandoned
619,17,2026-04-28 13:52:49,abandoned
620,49,2026-04-28 19:34:58,converted
621,47,2026-04-28 20:30:14,abandoned
622,28,2026-04-28 20:44:26,converted
623,28,2026-04-28 19:25:48,abandoned
624,9,2026-04-29 10:21:36,converted
625,29,2026-04-29 19:19:05,converted
626,24,2026-04-29 17:10:20,converted
627,28,2026-04-29 20:42:30,abandoned
628,44,2026-04-29 15:12:00,converted
629,54,2026-04-29 19:19:25,abandoned
630,30,2026-04-29 14:42:11,abandoned
631,18,2026-04-29 21:34:18,converted
632,27,2026-04-29 15:16:13,abandoned
633,30,2026-04-29 14:47:25,abandoned
634,9,2026-04-29 13:47:29,abandoned
635,29,2026-04-29 10:52:17,converted
636,46,2026-04-29 06:43:34,converted
637,1,2026-04-29 13:12:43,abandoned
638,11,2026-04-29 19:02:26,converted
639,30,2026-04-29 11:42:52,abandoned
640,32,2026-04-29 23:06:45,abandoned
641,44,2026-04-29 22:49:44,abandoned
642,5,2026-04-29 13:38:58,abandoned
643,1,2026-04-29 12:39:48,abandoned
644,24,2026-04-30 16:12:09,converted
645,22,2026-04-30 13:13:34,abandoned
646,5,2026-04-30 21:04:12,converted
647,37,2026-04-30 15:40:12,converted
648,59,2026-04-30 12:34:09,abandoned
649,25,2026-04-30 17:30:04,abandoned
650,47,2026-04-30 19:31:25,abandoned
651,59,2026-04-30 09:59:36,abandoned
652,45,2026-04-30 07:24:59,abandoned
653,41,2026-04-30 19:01:44,abandoned
654,17,2026-04-30 12:37:42,abandoned
655,26,2026-04-30 19:57:05,converted
656,49,2026-04-30 21:46:55,abandoned
657,45,2026-04-30 13:10:52,abandoned
658,47,2026-04-30 15:11:23,abandoned
659,29,2026-04-30 17:13:11,converted
660,38,2026-04-30 12:31:43,converted
661,49,2026-04-30 12:31:30,abandoned
662,21,2026-04-30 20:23:42,abandoned
663,1,2026-04-30 15:44:25,converted
664,41,2026-05-01 22:52:20,abandoned
665,44,2026-05-01 15:38:31,abandoned
666,60,2026-05-01 16:42:54,converted
667,51,2026-05-01 08:53:43,converted
668,15,2026-05-01 19:42:30,abandoned
669,60,2026-05-01 18:59:38,abandoned
670,55,2026-05-01 15:14:14,abandoned
671,60,2026-05-01 11:07:36,converted
672,15,2026-05-01 09:00:34,abandoned
673,30,2026-05-01 10:18:09,converted
674,60,2026-05-01 20:44:47,abandoned
675,59,2026-05-01 21:01:35,abandoned
676,26,2026-05-01 08:46:18,abandoned
677,55,2026-05-01 22:19:29,converted
678,28,2026-05-01 19:10:59,converted
679,8,2026-05-01 12:31:19,abandoned
680,24,2026-05-01 03:07:05,abandoned
681,18,2026-05-01 19:06:50,converted
682,26,2026-05-01 17:34:50,abandoned
683,53,2026-05-01 20:07:48,converted
684,35,2026-05-02 10:42:00,converted
685,39,2026-05-02 17:13:44,abandoned
686,9,2026-05-02 18:13:37,abandoned
687,17,2026-05-02 14:57:10,abandoned
688,10,2026-05-02 17:04:40,converted
689,27,2026-05-02 08:40:05,abandoned
690,18,2026-05-02 02:24:14,abandoned
691,20,2026-05-02 18:51:31,abandoned
692,39,2026-05-02 09:03:10,abandoned
693,36,2026-05-02 18:54:25,abandoned
694,43,2026-05-02 09:24:36,converted
695,18,2026-05-02 22:33:45,converted
696,32,2026-05-02 20:00:27,abandoned
697,26,2026-05-02 04:12:58,abandoned
698,16,2026-05-02 23:42:58,abandoned
699,57,2026-05-02 20:57:14,abandoned
700,28,2026-05-02 16:10:23,abandoned
701,55,2026-05-02 09:19:30,abandoned
702,60,2026-05-02 22:41:32,abandoned
703,4,2026-05-02 13:39:29,abandoned
704,26,2026-05-02 13:06:27,converted
705,28,2026-05-02 21:34:51,abandoned
706,13,2026-05-02 09:18:02,converted
707,46,2026-05-02 09:48:48,abandoned
708,51,2026-05-02 05:09:22,abandoned
709,48,2026-05-02 02:30:18,converted
710,53,2026-05-02 15:30:45,converted
711,40,2026-05-03 11:55:03,converted
712,46,2026-05-03 14:20:57,converted
713,22,2026-05-03 13:06:42,abandoned
714,24,2026-05-03 20:37:33,converted
715,53,2026-05-03 11:45:28,converted
716,17,2026-05-03 21:48:54,converted
717,2,2026-05-03 10:17:44,abandoned
718,13,2026-05-03 20:25:31,abandoned
719,25,2026-05-03 14:17:13,converted
720,18,2026-05-03 17:10:14,abandoned
721,18,2026-05-03 22:17:55,converted
722,19,2026-05-03 13:03:40,abandoned
723,56,2026-05-03 20:49:37,abandoned
724,53,2026-05-03 15:20:17,converted
725,47,2026-05-03 11:18:01,converted
726,2,2026-05-03 09:00:48,abandoned
727,1,2026-05-03 22:06:34,abandoned
728,37,2026-05-03 21:52:10,abandoned
729,41,2026-05-03 17:01:52,abandoned
730,10,2026-05-03 00:14:01,converted
731,15,2026-05-03 09:18:22,abandoned
732,58,2026-05-03 07:09:11,converted
733,24,2026-05-03 22:51:58,abandoned
734,50,2026-05-03 19:20:09,abandoned
735,10,2026-05-03 08:08:11,abandoned
736,27,2026-05-03 18:40:21,abandoned
737,15,2026-05-03 14:37:45,converted
738,23,2026-05-03 13:54:55,abandoned
739,60,2026-05-03 21:15:13,abandoned
740,47,2026-05-04 06:27:23,abandoned
741,56,2026-05-04 10:09:23,abandoned
742,10,2026-05-04 20:30:47,abandoned
743,29,2026-05-04 20:44:00,converted
744,59,2026-05-04 18:19:45,converted
745,42,2026-05-04 19:52:24,converted
746,13,2026-05-04 17:40:59,abandoned
747,51,2026-05-04 16:03:20,abandoned
748,33,2026-05-04 11:48:25,abandoned
749,2,2026-05-04 18:24:30,abandoned
750,6,2026-05-04 22:14:56,abandoned
751,39,2026-05-04 19:59:49,converted
752,32,2026-05-04 09:00:09,abandoned
753,11,2026-05-04 22:10:04,abandoned
754,30,2026-05-04 12:30:16,abandoned
755,32,2026-05-04 07:54:18,abandoned
756,24,2026-05-04 08:26:32,abandoned
757,1,2026-05-04 10:06:18,abandoned
758,43,2026-05-04 09:29:29,converted
759,30,2026-05-04 07:09:30,abandoned
760,60,2026-05-05 20:50:27,abandoned
761,44,2026-05-05 15:16:40,converted
762,58,2026-05-05 21:21:48,abandoned
763,51,2026-05-05 10:44:27,converted
764,21,2026-05-05 04:57:29,abandoned
765,27,2026-05-05 12:46:00,abandoned
766,27,2026-05-05 19:49:10,abandoned
767,37,2026-05-05 22:23:52,abandoned
768,45,2026-05-05 16:29:26,abandoned
769,22,2026-05-05 09:11:29,converted
770,58,2026-05-05 21:05:51,converted
771,3,2026-05-05 19:54:26,abandoned
772,23,2026-05-05 22:58:29,abandoned
773,18,2026-05-05 21:16:19,converted
774,37,2026-05-05 23:15:35,abandoned
775,37,2026-05-05 15:40:24,converted
776,41,2026-05-05 21:53:35,converted
777,25,2026-05-05 06:46:08,converted
778,60,2026-05-05 10:01:40,converted
779,51,2026-05-05 05:04:31,converted
780,55,2026-05-05 06:21:22,abandoned
781,17,2026-05-05 22:12:38,converted
782,18,2026-05-06 16:05:22,abandoned
783,17,2026-05-06 11:43:54,abandoned
784,38,2026-05-06 13:50:13,abandoned
785,53,2026-05-06 13:06:38,abandoned
786,5,2026-05-06 15:56:02,abandoned
787,42,2026-05-06 22:33:22,converted
788,1,2026-05-06 19:13:29,converted
789,56,2026-05-06 19:36:57,converted
790,16,2026-05-06 18:18:01,converted
791,20,2026-05-06 12:48:22,converted
792,7,2026-05-06 06:03:52,abandoned
793,15,2026-05-06 10:12:46,abandoned
794,56,2026-05-06 07:56:50,converted
795,21,2026-05-06 21:48:37,abandoned
796,18,2026-05-06 13:46:30,converted
797,14,2026-05-06 03:13:29,abandoned
798,49,2026-05-06 17:54:20,abandoned
799,7,2026-05-06 21:14:58,converted
800,34,2026-05-06 15:16:07,converted
801,28,2026-05-06 11:12:25,converted
802,35,2026-05-07 09:14:56,abandoned
803,18,2026-05-07 16:10:50,abandoned
804,45,2026-05-07 18:47:19,converted
805,49,2026-05-07 21:38:22,abandoned
806,3,2026-05-07 20:36:43,converted
807,1,2026-05-07 21:19:45,converted
808,23,2026-05-07 16:15:36,converted
809,23,2026-05-07 21:25:37,converted
810,34,2026-05-07 22:39:35,converted
811,43,2026-05-07 21:03:16,converted
812,44,2026-05-07 18:27:25,abandoned
813,12,2026-05-07 17:43:56,converted
814,51,2026-05-07 21:27:06,abandoned
815,23,2026-05-07 16:27:29,converted
816,24,2026-05-07 09:34:57,abandoned
817,30,2026-05-07 20:55:33,abandoned
818,7,2026-05-07 13:06:52,converted
819,32,2026-05-07 10:57:43,abandoned
820,52,2026-05-07 16:44:12,abandoned
821,16,2026-05-07 11:30:01,converted
822,55,2026-05-07 19:07:27,abandoned
823,11,2026-05-07 16:44:34,abandoned
824,43,2026-05-08 12:24:44,converted
825,29,2026-05-08 07:58:22,abandoned
826,23,2026-05-08 16:55:32,abandoned
827,22,2026-05-08 15:54:50,abandoned
828,31,2026-05-08 18:11:36,abandoned
829,38,2026-05-08 22:22:37,abandoned
830,15,2026-05-08 09:06:31,abandoned
831,47,2026-05-08 20:06:57,converted
832,41,2026-05-08 18:12:12,abandoned
833,28,2026-05-08 20:51:50,abandoned
834,58,2026-05-08 01:49:26,abandoned
835,34,2026-05-08 16:53:13,abandoned
836,55,2026-05-08 10:04:28,converted
837,60,2026-05-08 21:24:45,abandoned
838,60,2026-05-08 18:19:25,abandoned
839,17,2026-05-08 19:02:21,abandoned
840,47,2026-05-08 13:48:42,abandoned
841,58,2026-05-08 18:53:48,abandoned
842,40,2026-05-08 22:56:35,abandoned
843,15,2026-05-08 19:27:30,abandoned
844,13,2026-05-08 17:55:24,abandoned
845,28,2026-05-08 19:35:08,converted
846,48,2026-05-08 20:51:50,converted
847,57,2026-05-08 12:18:08,converted
848,50,2026-05-09 17:55:41,abandoned
849,6,2026-05-09 11:08:53,converted
850,18,2026-05-09 12:24:19,converted
851,35,2026-05-09 07:19:02,abandoned
852,22,2026-05-09 22:58:16,abandoned
853,28,2026-05-09 21:50:46,converted
854,60,2026-05-09 12:58:00,converted
855,1,2026-05-09 09:36:42,converted
856,38,2026-05-09 22:17:57,converted
857,4,2026-05-09 12:41:02,converted
858,3,2026-05-09 18:22:06,converted
859,2,2026-05-09 13:50:23,abandoned
860,40,2026-05-09 06:23:02,abandoned
861,52,2026-05-09 13:45:49,abandoned
862,10,2026-05-09 14:41:05,converted
863,24,2026-05-09 12:20:47,abandoned
864,59,2026-05-09 13:30:38,abandoned
865,44,2026-05-09 18:08:38,converted
866,1,2026-05-09 10:26:16,converted
867,36,2026-05-09 12:18:07,abandoned
868,23,2026-05-09 22:58:26,abandoned
869,47,2026-05-09 20:58:52,converted
870,7,2026-05-09 12:31:21,abandoned
871,28,2026-05-09 12:24:20,converted
872,60,2026-05-09 12:17:09,converted
873,19,2026-05-09 22:36:27,converted
874,18,2026-05-09 20:07:22,converted
875,51,2026-05-09 17:12:53,abandoned
876,15,2026-05-09 19:16:30,converted
877,3,2026-05-09 14:16:39,abandoned
878,12,2026-05-09 21:53:14,converted
879,8,2026-05-09 11:20:42,abandoned
880,44,2026-05-09 12:18:17,abandoned
881,52,2026-05-10 15:25:16,abandoned
882,20,2026-05-10 15:14:36,abandoned
883,22,2026-05-10 10:34:01,abandoned
884,59,2026-05-10 13:49:35,converted
885,22,2026-05-10 14:35:46,abandoned
886,33,2026-05-10 14:31:02,abandoned
887,3,2026-05-10 12:07:52,abandoned
888,46,2026-05-10 20:26:01,converted
889,17,2026-05-10 22:36:30,abandoned
890,31,2026-05-10 12:44:34,abandoned
891,49,2026-05-10 17:06:28,converted
892,31,2026-05-10 17:53:36,converted
893,14,2026-05-10 20:50:31,abandoned
894,33,2026-05-10 17:47:46,abandoned
895,11,2026-05-10 17:07:10,abandoned
896,34,2026-05-10 16:47:55,abandoned
897,47,2026-05-10 21:43:17,converted
898,31,2026-05-10 15:59:21,converted
899,35,2026-05-10 15:06:03,abandoned
900,15,2026-05-10 13:00:59,converted
901,10,2026-05-10 09:13:17,abandoned
902,50,2026-05-10 14:36:49,abandoned
903,11,2026-05-10 00:14:13,converted
904,36,2026-05-10 14:49:24,converted
905,28,2026-05-10 17:31:44,abandoned
906,55,2026-05-10 15:42:22,abandoned
907,13,2026-05-10 14:11:59,converted
908,3,2026-05-10 19:41:30,abandoned
909,31,2026-05-10 23:40:29,converted
910,55,2026-05-11 09:28:40,abandoned
911,42,2026-05-11 18:01:21,abandoned
912,34,2026-05-11 04:42:25,converted
913,54,2026-05-11 21:00:19,abandoned
914,6,2026-05-11 17:29:05,abandoned
915,2,2026-05-11 20:50:00,abandoned
916,20,2026-05-11 21:41:57,converted
917,45,2026-05-11 15:05:31,abandoned
918,54,2026-05-11 10:53:37,converted
919,48,2026-05-11 20:05:32,abandoned
920,34,2026-05-11 19:11:30,abandoned
921,58,2026-05-11 06:44:06,abandoned
922,7,2026-05-11 11:22:19,abandoned
923,38,2026-05-11 18:27:46,converted
924,37,2026-05-11 14:01:10,abandoned
925,6,2026-05-11 13:49:09,abandoned
926,13,2026-05-11 21:19:19,abandoned
927,10,2026-05-11 19:54:49,abandoned
928,26,2026-05-11 19:58:30,abandoned
929,26,2026-05-11 20:57:18,abandoned
930,38,2026-05-11 06:56:38,abandoned
931,40,2026-05-11 18:25:58,converted
932,53,2026-05-11 16:16:26,abandoned
933,6,2026-05-11 13:46:06,converted
934,17,2026-05-12 20:07:38,converted
935,53,2026-05-12 18:55:29,abandoned
936,24,2026-05-12 07:38:43,converted
937,23,2026-05-12 20:34:47,abandoned
938,41,2026-05-12 16:57:17,abandoned
939,54,2026-05-12 22:52:33,converted
940,48,2026-05-12 13:25:01,abandoned
941,20,2026-05-12 18:34:54,abandoned
942,18,2026-05-12 20:49:11,converted
943,21,2026-05-12 09:14:01,abandoned
944,53,2026-05-12 15:26:40,converted
945,45,2026-05-12 10:24:16,converted
946,38,2026-05-12 10:22:36,abandoned
947,25,2026-05-12 18:54:07,converted
948,27,2026-05-12 21:17:20,abandoned
949,19,2026-05-12 20:28:10,abandoned
950,49,2026-05-12 15:11:43,converted
951,47,2026-05-12 14:01:20,abandoned
952,2,2026-05-12 20:56:50,converted
953,19,2026-05-12 08:01:13,converted
954,11,2026-05-12 12:46:04,abandoned
955,56,2026-05-12 14:50:26,abandoned
956,29,2026-05-13 16:46:03,abandoned
957,33,2026-05-13 18:28:27,abandoned
958,51,2026-05-13 09:10:23,converted
959,17,2026-05-13 13:44:28,abandoned
960,49,2026-05-13 10:33:18,abandoned
961,37,2026-05-13 18:30:45,converted
962,17,2026-05-13 13:32:47,converted
963,32,2026-05-13 19:55:33,abandoned
964,22,2026-05-13 11:13:14,converted
965,34,2026-05-13 21:47:12,abandoned
966,18,2026-05-13 17:34:54,converted
967,39,2026-05-13 12:17:05,converted
968,13,2026-05-13 16:28:05,abandoned
969,37,2026-05-13 02:27:55,abandoned
970,1,2026-05-13 12:26:38,converted
971,12,2026-05-13 16:20:57,abandoned
972,44,2026-05-13 13:59:55,converted
973,44,2026-05-13 10:10:12,abandoned
974,39,2026-05-13 20:49:46,abandoned
975,29,2026-05-13 13:36:25,converted
976,43,2026-05-13 19:18:53,abandoned
977,13,2026-05-13 20:39:32,converted
978,59,2026-05-13 19:15:17,abandoned
979,18,2026-05-13 17:28:59,abandoned
980,27,2026-05-13 20:55:09,converted
981,50,2026-05-13 08:50:44,converted
982,17,2026-05-13 12:47:59,abandoned
983,54,2026-05-14 17:58:32,abandoned
984,21,2026-05-14 20:31:18,abandoned
985,52,2026-05-14 16:54:05,abandoned
986,28,2026-05-14 20:29:28,abandoned
987,48,2026-05-14 20:27:56,converted
988,35,2026-05-14 15:42:12,abandoned
989,37,2026-05-14 10:49:09,abandoned
990,3,2026-05-14 20:34:22,abandoned
991,13,2026-05-14 13:27:17,abandoned
992,2,2026-05-14 15:47:54,converted
993,34,2026-05-14 09:48:13,abandoned
994,27,2026-05-14 11:05:51,abandoned
995,1,2026-05-14 14:26:25,abandoned
996,28,2026-05-14 22:41:19,abandoned
997,58,2026-05-14 13:09:54,converted
998,27,2026-05-14 20:26:11,abandoned
999,12,2026-05-14 13:59:07,abandoned
1000,59,2026-05-14 21:39:20,converted
1001,7,2026-05-14 04:57:14,converted
1002,40,2026-05-14 19:06:30,abandoned
1003,10,2026-05-14 11:05:47,converted
1004,37,2026-05-14 23:17:48,abandoned
1005,60,2026-05-14 21:47:57,abandoned
1006,16,2026-05-14 10:20:00,abandoned
1007,37,2026-05-14 14:13:29,abandoned
1008,33,2026-05-14 22:21:57,abandoned
1009,7,2026-05-14 19:21:48,converted
1010,23,2026-05-15 13:27:35,abandoned
1011,57,2026-05-15 23:12:09,abandoned
1012,34,2026-05-15 18:09:36,converted
1013,54,2026-05-15 22:45:09,converted
1014,20,2026-05-15 11:46:39,abandoned
1015,11,2026-05-15 20:51:15,converted
1016,44,2026-05-15 10:28:09,abandoned
1017,39,2026-05-15 16:42:28,converted
1018,8,2026-05-15 18:27:37,abandoned
1019,39,2026-05-15 22:55:23,abandoned
1020,18,2026-05-15 21:46:17,converted
1021,50,2026-05-15 20:31:35,abandoned
1022,25,2026-05-15 07:06:37,converted
1023,55,2026-05-15 15:55:33,converted
1024,47,2026-05-15 15:57:16,converted
1025,49,2026-05-15 13:52:11,abandoned
1026,15,2026-05-15 13:19:06,abandoned
1027,12,2026-05-15 20:12:16,abandoned
1028,49,2026-05-15 10:10:20,abandoned
1029,36,2026-05-15 12:35:34,converted
1030,26,2026-05-15 10:24:06,abandoned
1031,16,2026-05-15 17:42:17,converted
1032,36,2026-05-16 17:36:12,abandoned
1033,48,2026-05-16 12:50:23,abandoned
1034,16,2026-05-16 13:22:04,abandoned
1035,7,2026-05-16 23:50:32,abandoned
1036,47,2026-05-16 13:44:41,abandoned
1037,29,2026-05-16 16:27:04,abandoned
1038,58,2026-05-16 13:55:45,abandoned
1039,46,2026-05-16 18:27:45,abandoned
1040,35,2026-05-16 19:19:21,abandoned
1041,21,2026-05-16 21:39:03,converted
1042,12,2026-05-16 21:01:41,abandoned
1043,44,2026-05-16 14:26:24,converted
1044,23,2026-05-16 23:40:05,abandoned
1045,4,2026-05-16 19:06:10,abandoned
1046,55,2026-05-16 08:11:12,converted
1047,12,2026-05-16 16:52:52,converted
1048,59,2026-05-16 13:29:59,converted
1049,52,2026-05-16 21:42:45,abandoned
1050,59,2026-05-16 17:36:44,converted
1051,32,2026-05-16 06:06:20,abandoned
1052,19,2026-05-16 20:44:03,abandoned
1053,58,2026-05-16 18:11:41,converted
1054,12,2026-05-16 16:43:44,abandoned
1055,46,2026-05-16 13:45:13,abandoned
1056,14,2026-05-16 21:07:59,converted
1057,14,2026-05-16 22:41:47,converted
1058,26,2026-05-16 07:49:28,abandoned
1059,12,2026-05-16 17:10:47,abandoned
1060,7,2026-05-16 20:25:52,abandoned
1061,9,2026-05-16 17:02:30,converted
1062,39,2026-05-16 20:42:59,abandoned
1063,23,2026-05-17 15:57:41,converted
1064,34,2026-05-17 12:10:09,converted
1065,7,2026-05-17 19:00:24,converted
1066,60,2026-05-17 18:24:18,abandoned
1067,23,2026-05-17 23:40:29,abandoned
1068,17,2026-05-17 21:23:47,abandoned
1069,15,2026-05-17 23:08:53,converted
1070,47,2026-05-17 17:15:13,abandoned
1071,56,2026-05-17 20:26:23,abandoned
1072,29,2026-05-17 12:53:49,abandoned
1073,11,2026-05-17 19:59:33,abandoned
1074,50,2026-05-17 10:25:36,converted
1075,57,2026-05-17 06:06:50,converted
1076,21,2026-05-17 18:53:28,abandoned
1077,10,2026-05-17 10:07:34,abandoned
1078,18,2026-05-17 19:57:15,abandoned
1079,31,2026-05-17 14:10:49,abandoned
1080,32,2026-05-17 22:36:22,converted
1081,40,2026-05-17 21:26:10,abandoned
1082,59,2026-05-17 05:20:57,converted
1083,1,2026-05-17 20:01:19,converted
1084,18,2026-05-17 08:28:58,abandoned
1085,16,2026-05-17 08:23:04,abandoned
1086,56,2026-05-17 21:04:09,converted
1087,6,2026-05-17 14:40:33,abandoned
1088,56,2026-05-17 08:11:32,abandoned
1089,37,2026-05-17 22:44:07,abandoned
1090,15,2026-05-17 10:40:53,converted
1091,19,2026-05-17 20:04:03,abandoned
1092,6,2026-05-17 19:57:45,abandoned
1093,5,2026-05-17 17:46:53,converted
1094,27,2026-05-17 15:29:20,converted
1095,10,2026-05-17 14:00:27,converted
1096,36,2026-05-17 12:12:31,converted
1097,10,2026-05-17 12:31:51,converted
1098,24,2026-05-17 20:55:08,abandoned
1099,58,2026-05-18 13:58:57,converted
1100,16,2026-05-18 16:30:56,converted
1101,50,2026-05-18 11:49:17,converted
1102,32,2026-05-18 23:38:56,abandoned
1103,34,2026-05-18 20:18:15,converted
1104,10,2026-05-18 15:24:35,converted
1105,8,2026-05-18 07:20:35,abandoned
1106,42,2026-05-18 13:11:20,abandoned
1107,4,2026-05-18 19:45:08,abandoned
1108,23,2026-05-18 13:26:21,converted
1109,59,2026-05-18 21:14:15,abandoned
1110,3,2026-05-18 11:14:09,abandoned
1111,43,2026-05-18 14:32:48,converted
1112,24,2026-05-18 16:53:10,abandoned
1113,19,2026-05-18 12:23:32,converted
1114,12,2026-05-18 09:24:51,converted
1115,20,2026-05-18 03:53:11,abandoned
1116,26,2026-05-18 18:10:58,abandoned
1117,16,2026-05-18 08:06:56,abandoned
1118,60,2026-05-18 00:28:24,abandoned
1119,5,2026-05-18 12:41:01,converted
1120,16,2026-05-18 15:56:37,abandoned
1121,47,2026-05-18 19:13:04,abandoned
1122,27,2026-05-18 11:00:36,converted
1123,28,2026-05-18 17:44:31,abandoned
1124,31,2026-05-18 17:23:42,converted
1125,44,2026-05-18 17:23:27,converted
1126,10,2026-05-19 18:34:40,abandoned
1127,14,2026-05-19 20:25:05,converted
1128,52,2026-05-19 14:59:25,abandoned
1129,15,2026-05-19 19:29:09,abandoned
1130,20,2026-05-19 12:25:19,converted
1131,29,2026-05-19 22:27:22,converted
1132,32,2026-05-19 23:31:20,converted
1133,2,2026-05-19 14:31:48,converted
1134,3,2026-05-19 13:35:49,converted
1135,30,2026-05-19 12:36:24,converted
1136,54,2026-05-19 08:30:31,converted
1137,45,2026-05-19 22:07:06,converted
1138,27,2026-05-19 16:17:27,abandoned
1139,43,2026-05-19 13:25:32,converted
1140,10,2026-05-19 12:47:44,converted
1141,56,2026-05-19 16:13:12,converted
1142,56,2026-05-19 20:30:32,abandoned
1143,54,2026-05-19 18:14:52,converted
1144,15,2026-05-19 20:08:30,abandoned
1145,5,2026-05-19 15:01:26,converted
1146,21,2026-05-19 21:54:30,abandoned
1147,39,2026-05-19 18:50:36,abandoned
1148,40,2026-05-19 18:16:40,converted
1149,44,2026-05-19 14:16:38,converted
1150,47,2026-05-19 21:40:15,converted
1151,8,2026-05-19 22:52:35,converted
1152,18,2026-05-19 07:27:40,converted
1153,9,2026-05-19 20:59:47,converted
1154,18,2026-05-19 22:22:53,converted
1155,52,2026-05-20 16:06:15,abandoned
1156,59,2026-05-20 11:06:00,abandoned
1157,29,2026-05-20 11:06:54,abandoned
1158,25,2026-05-20 05:48:17,abandoned
1159,54,2026-05-20 15:13:23,converted
1160,57,2026-05-20 16:01:43,abandoned
1161,25,2026-05-20 18:23:24,converted
1162,55,2026-05-20 18:33:38,converted
1163,6,2026-05-20 17:16:28,abandoned
1164,15,2026-05-20 14:10:33,abandoned
1165,56,2026-05-20 22:11:18,converted
1166,60,2026-05-20 11:50:00,converted
1167,56,2026-05-20 18:23:36,converted
1168,34,2026-05-20 20:43:48,abandoned
1169,42,2026-05-20 22:22:50,abandoned
1170,32,2026-05-20 09:02:13,converted
1171,42,2026-05-20 20:25:15,converted
1172,57,2026-05-20 19:27:04,converted
1173,10,2026-05-20 20:35:17,converted
1174,38,2026-05-20 09:28:48,abandoned
1175,22,2026-05-20 19:28:46,converted
1176,52,2026-05-20 20:09:27,converted
1177,44,2026-05-20 16:05:42,abandoned
1178,53,2026-05-20 20:40:42,converted
1179,33,2026-05-20 12:46:25,converted
1180,45,2026-05-20 17:23:26,converted
1181,10,2026-05-20 14:01:21,abandoned
1182,60,2026-05-20 22:37:13,converted
1183,51,2026-05-20 20:41:09,converted
1184,22,2026-05-21 09:37:05,abandoned
1185,53,2026-05-21 23:06:17,abandoned
1186,9,2026-05-21 08:38:54,converted
1187,42,2026-05-21 19:25:26,converted
1188,29,2026-05-21 09:46:04,abandoned
1189,28,2026-05-21 14:59:41,abandoned
1190,3,2026-05-21 13:25:12,abandoned
1191,30,2026-05-21 19:25:50,abandoned
1192,46,2026-05-21 15:20:58,converted
1193,18,2026-05-21 21:46:11,converted
1194,33,2026-05-21 12:25:56,abandoned
1195,47,2026-05-21 20:29:46,converted
1196,59,2026-05-21 21:36:14,abandoned
1197,53,2026-05-21 12:57:37,converted
1198,53,2026-05-21 21:26:01,converted
1199,6,2026-05-21 13:15:30,converted
1200,19,2026-05-21 13:34:44,abandoned
1201,1,2026-05-21 22:04:49,converted
1202,51,2026-05-21 09:11:24,abandoned
1203,40,2026-05-21 20:50:49,abandoned
1204,45,2026-05-21 17:30:59,abandoned
1205,28,2026-05-21 09:32:49,abandoned
1206,38,2026-05-21 20:04:47,converted
1207,27,2026-05-21 20:00:20,abandoned
1208,8,2026-05-21 18:30:31,abandoned
1209,51,2026-05-21 21:20:15,converted
1210,34,2026-05-21 13:31:19,converted
1211,7,2026-05-21 22:49:21,abandoned
1212,15,2026-05-21 07:19:53,converted
1213,7,2026-05-22 22:37:00,converted
1214,12,2026-05-22 19:36:44,converted
1215,54,2026-05-22 11:35:15,abandoned
1216,23,2026-05-22 10:37:26,abandoned
1217,46,2026-05-22 14:41:38,abandoned
1218,8,2026-05-22 22:15:08,abandoned
1219,44,2026-05-22 14:13:17,abandoned
1220,1,2026-05-22 14:21:13,converted
1221,14,2026-05-22 14:12:55,converted
1222,19,2026-05-22 12:27:49,abandoned
1223,29,2026-05-22 11:55:17,converted
1224,45,2026-05-22 09:55:42,abandoned
1225,57,2026-05-22 09:57:18,abandoned
1226,60,2026-05-22 17:11:40,converted
1227,20,2026-05-22 19:27:16,abandoned
1228,39,2026-05-22 17:22:06,abandoned
1229,16,2026-05-22 17:31:14,abandoned
1230,15,2026-05-22 14:02:13,abandoned
1231,36,2026-05-22 15:08:14,converted
1232,60,2026-05-22 12:07:05,abandoned
1233,43,2026-05-22 20:46:00,abandoned
1234,7,2026-05-22 08:37:14,abandoned
1235,36,2026-05-23 19:01:47,converted
1236,40,2026-05-23 10:07:46,converted
1237,44,2026-05-23 21:26:06,converted
1238,58,2026-05-23 22:57:58,abandoned
1239,35,2026-05-23 19:13:28,converted
1240,35,2026-05-23 15:05:55,abandoned
1241,8,2026-05-23 17:25:58,converted
1242,22,2026-05-23 17:05:16,abandoned
1243,54,2026-05-23 11:51:50,abandoned
1244,35,2026-05-23 08:48:20,converted
1245,38,2026-05-23 08:44:12,abandoned
1246,2,2026-05-23 19:22:20,abandoned
1247,17,2026-05-23 10:34:52,abandoned
1248,10,2026-05-23 11:48:18,abandoned
1249,3,2026-05-23 18:00:42,converted
1250,52,2026-05-23 12:14:20,abandoned
1251,25,2026-05-23 20:35:45,converted
1252,55,2026-05-23 22:11:08,abandoned
1253,17,2026-05-23 21:07:56,abandoned
1254,55,2026-05-23 19:35:30,converted
1255,43,2026-05-23 20:26:19,converted
1256,30,2026-05-23 21:52:24,abandoned
1257,12,2026-05-23 14:14:46,abandoned
1258,59,2026-05-23 20:42:05,abandoned
1259,53,2026-05-23 17:58:58,abandoned
1260,33,2026-05-23 17:53:17,converted
1261,57,2026-05-23 19:25:46,abandoned
1262,30,2026-05-23 17:46:56,converted
1263,3,2026-05-23 21:54:02,abandoned
1264,50,2026-05-23 17:55:33,converted
1265,60,2026-05-23 03:44:24,abandoned
1266,47,2026-05-23 21:58:00,abandoned
1267,5,2026-05-23 13:04:51,abandoned
1268,26,2026-05-24 17:21:53,abandoned
1269,11,2026-05-24 22:38:38,converted
1270,35,2026-05-24 14:47:02,converted
1271,13,2026-05-24 21:03:33,converted
1272,12,2026-05-24 20:16:57,converted
1273,40,2026-05-24 11:33:53,converted
1274,34,2026-05-24 10:02:13,abandoned
1275,29,2026-05-24 19:01:38,converted
1276,11,2026-05-24 14:38:45,abandoned
1277,47,2026-05-24 19:48:54,converted
1278,51,2026-05-24 22:12:11,converted
1279,31,2026-05-24 10:40:07,converted
1280,43,2026-05-24 18:23:41,abandoned
1281,8,2026-05-24 23:57:44,abandoned
1282,10,2026-05-24 14:48:22,abandoned
1283,37,2026-05-24 14:26:40,abandoned
1284,57,2026-05-24 10:12:51,converted
1285,41,2026-05-24 21:54:01,abandoned
1286,33,2026-05-24 15:25:58,abandoned
1287,25,2026-05-24 16:04:05,abandoned
1288,40,2026-05-24 19:05:18,converted
1289,4,2026-05-24 20:14:40,abandoned
1290,26,2026-05-24 10:45:28,abandoned
1291,6,2026-05-24 20:31:46,abandoned
1292,37,2026-05-24 19:38:04,abandoned
1293,17,2026-05-24 08:12:12,converted
1294,6,2026-05-24 15:13:54,converted
1295,58,2026-05-24 19:18:19,converted
1296,4,2026-05-24 12:13:43,abandoned
1297,48,2026-05-25 20:42:32,abandoned
1298,57,2026-05-25 16:52:37,abandoned
1299,27,2026-05-25 10:34:21,abandoned
1300,56,2026-05-25 20:55:52,converted
1301,41,2026-05-25 15:43:59,abandoned
1302,16,2026-05-25 21:33:49,converted
1303,56,2026-05-25 19:00:49,abandoned
1304,12,2026-05-25 08:36:08,abandoned
1305,36,2026-05-25 18:49:43,abandoned
1306,56,2026-05-25 04:10:08,abandoned
1307,45,2026-05-25 20:42:53,abandoned
1308,55,2026-05-25 20:32:35,abandoned
1309,52,2026-05-25 20:02:44,abandoned
1310,29,2026-05-25 14:12:34,abandoned
1311,5,2026-05-25 19:42:29,abandoned
1312,37,2026-05-25 21:32:31,abandoned
1313,32,2026-05-25 23:02:50,abandoned
1314,44,2026-05-25 18:15:23,abandoned
1315,49,2026-05-25 23:24:46,converted
1316,38,2026-05-25 14:08:22,abandoned
1317,9,2026-05-25 19:47:36,abandoned
1318,7,2026-05-25 13:10:16,abandoned
1319,31,2026-05-25 11:21:24,converted
1320,33,2026-05-25 09:45:25,abandoned
1321,55,2026-05-25 17:01:39,converted
1322,54,2026-05-25 09:30:38,converted
1323,19,2026-05-25 15:20:52,abandoned
1324,53,2026-05-25 14:46:54,converted
1325,50,2026-05-25 20:02:49,abandoned
1326,34,2026-05-26 16:03:38,converted
1327,60,2026-05-26 13:51:58,abandoned
1328,38,2026-05-26 16:50:48,converted
1329,47,2026-05-26 18:23:50,abandoned
1330,59,2026-05-26 09:05:51,converted
1331,52,2026-05-26 13:20:04,converted
1332,34,2026-05-26 18:24:37,abandoned
1333,28,2026-05-26 15:40:50,abandoned
1334,11,2026-05-26 21:18:13,converted
1335,10,2026-05-26 21:41:00,abandoned
1336,27,2026-05-26 12:10:13,abandoned
1337,26,2026-05-26 17:05:42,abandoned
1338,36,2026-05-26 18:30:08,abandoned
1339,55,2026-05-26 19:29:24,abandoned
1340,12,2026-05-26 19:07:41,abandoned
1341,47,2026-05-26 11:36:41,converted
1342,52,2026-05-26 13:54:37,converted
1343,14,2026-05-26 13:19:17,abandoned
1344,15,2026-05-26 10:25:18,converted
1345,38,2026-05-26 15:11:36,abandoned
1346,39,2026-05-26 16:33:58,abandoned
1347,9,2026-05-26 18:35:58,abandoned
1348,7,2026-05-26 10:23:25,converted
1349,23,2026-05-26 19:44:47,converted
1350,20,2026-05-26 12:24:41,abandoned
1351,23,2026-05-26 21:10:13,converted
1352,13,2026-05-26 16:41:55,abandoned
1353,31,2026-05-27 08:43:37,converted
1354,27,2026-05-27 16:42:08,converted
1355,43,2026-05-27 20:33:48,converted
1356,50,2026-05-27 17:09:48,abandoned
1357,44,2026-05-27 14:33:08,converted
1358,5,2026-05-27 20:47:41,abandoned
1359,15,2026-05-27 22:07:09,abandoned
1360,25,2026-05-27 13:59:08,abandoned
1361,2,2026-05-27 10:30:59,converted
1362,28,2026-05-27 15:37:01,abandoned
1363,7,2026-05-27 13:16:55,converted
1364,29,2026-05-27 13:57:50,abandoned
1365,23,2026-05-27 14:27:53,converted
1366,33,2026-05-27 09:13:01,abandoned
1367,6,2026-05-27 16:27:33,abandoned
1368,29,2026-05-27 09:37:01,abandoned
1369,13,2026-05-27 16:26:28,abandoned
1370,53,2026-05-27 21:23:33,converted
1371,23,2026-05-27 15:45:27,converted
1372,29,2026-05-27 21:53:27,abandoned
1373,34,2026-05-27 12:08:44,converted
1374,4,2026-05-27 15:31:42,abandoned
1375,5,2026-05-27 20:36:48,abandoned
1376,21,2026-05-27 20:02:16,abandoned
1377,53,2026-05-27 16:58:25,abandoned
1378,13,2026-05-27 15:28:43,converted
1379,31,2026-05-27 18:15:14,abandoned
1380,19,2026-05-28 18:58:07,abandoned
1381,17,2026-05-28 10:27:54,abandoned
1382,35,2026-05-28 21:06:05,abandoned
1383,52,2026-05-28 08:23:43,abandoned
1384,50,2026-05-28 18:57:09,abandoned
1385,35,2026-05-28 16:37:18,abandoned
1386,58,2026-05-28 12:34:08,abandoned
1387,15,2026-05-28 18:28:32,abandoned
1388,31,2026-05-28 19:53:53,abandoned
1389,6,2026-05-28 20:42:05,abandoned
1390,51,2026-05-28 10:42:27,converted
1391,51,2026-05-28 08:37:27,abandoned
1392,12,2026-05-28 16:43:57,converted
1393,12,2026-05-28 12:02:56,converted
1394,10,2026-05-28 08:00:09,abandoned
1395,38,2026-05-28 20:52:40,abandoned
1396,51,2026-05-28 20:17:34,converted
1397,20,2026-05-28 08:53:07,abandoned
1398,11,2026-05-28 23:55:13,converted
1399,26,2026-05-28 13:53:44,abandoned
1400,17,2026-05-28 09:06:27,converted
1401,48,2026-05-28 08:33:08,abandoned
1402,35,2026-05-28 17:58:46,converted
1403,12,2026-05-28 21:40:24,abandoned
1404,59,2026-05-28 12:37:25,converted
1405,43,2026-05-28 07:07:39,abandoned
1406,31,2026-05-28 23:15:44,converted
1407,46,2026-05-29 19:06:32,abandoned
1408,4,2026-05-29 06:41:41,converted
1409,4,2026-05-29 13:27:16,abandoned
1410,22,2026-05-29 17:01:36,converted
1411,4,2026-05-29 09:40:21,abandoned
1412,28,2026-05-29 10:11:07,abandoned
1413,45,2026-05-29 19:19:25,converted
1414,35,2026-05-29 20:40:24,abandoned
1415,34,2026-05-29 23:30:45,converted
1416,9,2026-05-29 23:26:50,abandoned
1417,59,2026-05-29 10:13:33,abandoned
1418,25,2026-05-29 21:34:03,converted
1419,57,2026-05-29 12:51:48,converted
1420,57,2026-05-29 08:08:12,abandoned
1421,32,2026-05-29 19:39:46,converted
1422,13,2026-05-29 21:35:34,converted
1423,53,2026-05-29 07:21:45,abandoned
1424,21,2026-05-29 19:32:53,converted
1425,33,2026-05-29 21:53:27,abandoned
1426,24,2026-05-29 12:27:03,abandoned
1427,31,2026-05-29 18:13:28,abandoned
1428,59,2026-05-29 20:42:20,abandoned
1429,33,2026-05-29 19:55:34,abandoned
1430,57,2026-05-29 21:44:38,abandoned
1431,17,2026-05-30 14:02:51,converted
1432,10,2026-05-30 22:41:42,abandoned
1433,12,2026-05-30 17:32:59,converted
1434,30,2026-05-30 15:07:02,abandoned
1435,52,2026-05-30 19:45:24,converted
1436,16,2026-05-30 19:05:37,abandoned
1437,50,2026-05-30 21:41:08,abandoned
1438,7,2026-05-30 06:12:46,converted
1439,3,2026-05-30 15:57:42,abandoned
1440,59,2026-05-30 13:55:05,converted
1441,28,2026-05-30 14:12:18,converted
1442,58,2026-05-30 18:07:30,abandoned
1443,12,2026-05-30 13:54:04,abandoned
1444,23,2026-05-30 15:40:33,abandoned
1445,1,2026-05-30 20:57:36,converted
1446,32,2026-05-30 12:38:11,converted
1447,31,2026-05-30 13:37:04,abandoned
1448,23,2026-05-30 19:23:31,converted
1449,26,2026-05-30 11:45:57,converted
1450,21,2026-05-30 21:56:50,abandoned
1451,53,2026-05-30 17:10:44,converted
1452,42,2026-05-30 19:03:05,abandoned
1453,57,2026-05-30 20:52:42,converted
1454,3,2026-05-30 15:51:27,abandoned
1455,6,2026-05-30 21:36:50,abandoned
1456,30,2026-05-30 14:35:36,abandoned
1457,8,2026-05-30 14:46:05,converted
1458,50,2026-05-30 17:39:25,converted
1459,10,2026-05-30 14:03:25,abandoned
1460,17,2026-05-30 21:59:34,converted
1461,53,2026-05-30 15:17:45,converted
1462,22,2026-05-30 21:20:06,abandoned
1463,7,2026-05-30 22:06:29,abandoned
1464,45,2026-05-31 11:40:01,abandoned
1465,6,2026-05-31 19:00:57,abandoned
1466,58,2026-05-31 17:55:03,abandoned
1467,60,2026-05-31 11:56:22,converted
1468,39,2026-05-31 17:59:22,abandoned
1469,43,2026-05-31 20:04:03,converted
1470,3,2026-05-31 21:27:02,abandoned
1471,7,2026-05-31 22:41:21,converted
1472,5,2026-05-31 06:26:31,converted
1473,58,2026-05-31 12:30:32,abandoned
1474,24,2026-05-31 21:01:00,converted
1475,9,2026-05-31 21:11:18,abandoned
1476,43,2026-05-31 22:44:49,abandoned
1477,3,2026-05-31 18:41:57,abandoned
1478,36,2026-05-31 21:32:16,converted
1479,59,2026-05-31 15:48:56,abandoned
1480,56,2026-05-31 11:10:37,abandoned
1481,27,2026-05-31 19:56:11,converted
1482,54,2026-05-31 10:45:48,converted
1483,8,2026-05-31 17:58:31,abandoned
1484,14,2026-05-31 17:21:35,abandoned
1485,7,2026-05-31 14:33:02,abandoned
1486,55,2026-05-31 11:35:24,converted
1487,9,2026-05-31 10:48:30,converted
1488,6,2026-05-31 12:31:17,abandoned
1489,37,2026-05-31 18:12:44,abandoned
1490,4,2026-05-31 12:45:44,converted
1491,57,2026-05-31 07:16:25,abandoned
1492,29,2026-05-31 15:22:25,abandoned
1493,42,2026-06-01 10:38:05,converted
1494,48,2026-06-01 17:17:04,abandoned
1495,13,2026-06-01 22:26:31,converted
1496,60,2026-06-01 10:36:32,converted
1497,20,2026-06-01 18:12:45,abandoned
1498,11,2026-06-01 15:08:54,abandoned
1499,17,2026-06-01 11:26:42,abandoned
1500,55,2026-06-01 16:56:02,abandoned
1501,48,2026-06-01 18:26:09,converted
1502,24,2026-06-01 19:23:34,converted
1503,2,2026-06-01 14:46:17,abandoned
1504,18,2026-06-01 16:50:29,converted
1505,52,2026-06-01 08:13:57,converted
1506,6,2026-06-01 20:11:48,converted
1507,16,2026-06-01 13:45:37,abandoned
1508,4,2026-06-01 23:16:41,abandoned
1509,20,2026-06-01 20:56:19,converted
1510,59,2026-06-01 10:59:07,converted
1511,30,2026-06-01 12:54:43,converted
1512,15,2026-06-01 21:29:28,converted
1513,23,2026-06-01 20:52:28,abandoned
1514,3,2026-06-01 06:58:09,abandoned
1515,13,2026-06-01 09:01:38,abandoned
1516,59,2026-06-01 06:07:12,converted
1517,23,2026-06-01 09:23:39,converted
1518,58,2026-06-01 20:14:50,abandoned
1519,3,2026-06-01 16:05:58,abandoned
1520,55,2026-06-02 11:02:06,abandoned
1521,53,2026-06-02 23:14:57,abandoned
1522,41,2026-06-02 15:45:48,converted
1523,41,2026-06-02 09:38:18,abandoned
1524,37,2026-06-02 10:52:42,converted
1525,31,2026-06-02 21:15:04,abandoned
1526,32,2026-06-02 12:52:15,converted
1527,15,2026-06-02 17:46:30,abandoned
1528,3,2026-06-02 13:16:36,converted
1529,2,2026-06-02 17:42:05,abandoned
1530,32,2026-06-02 13:11:03,converted
1531,6,2026-06-02 10:04:12,abandoned
1532,3,2026-06-02 17:33:30,converted
1533,22,2026-06-02 19:33:34,converted
1534,25,2026-06-02 13:12:01,converted
1535,37,2026-06-02 19:51:58,converted
1536,37,2026-06-02 15:28:59,converted
1537,18,2026-06-02 17:39:11,abandoned
1538,23,2026-06-02 10:44:24,abandoned
1539,12,2026-06-02 13:07:10,converted
1540,49,2026-06-02 13:25:22,abandoned
1541,49,2026-06-02 12:57:59,abandoned
1542,20,2026-06-02 18:25:36,abandoned
1543,55,2026-06-02 12:37:28,converted
1544,27,2026-06-03 09:46:30,abandoned
1545,50,2026-06-03 21:37:54,converted
1546,31,2026-06-03 13:57:54,abandoned
1547,38,2026-06-03 10:49:08,converted
1548,10,2026-06-03 21:55:22,converted
1549,52,2026-06-03 08:36:39,converted
1550,4,2026-06-03 21:18:56,converted
1551,27,2026-06-03 16:44:43,converted
1552,4,2026-06-03 10:51:41,converted
1553,4,2026-06-03 10:52:35,converted
1554,10,2026-06-03 18:14:00,converted
1555,47,2026-06-03 19:42:57,converted
1556,12,2026-06-03 12:23:13,converted
1557,52,2026-06-03 18:47:51,abandoned
1558,9,2026-06-03 12:56:23,abandoned
1559,7,2026-06-03 21:30:41,abandoned
1560,54,2026-06-03 18:55:11,converted
1561,12,2026-06-03 10:38:02,abandoned
1562,19,2026-06-03 19:58:32,abandoned
1563,29,2026-06-03 18:04:50,converted
1564,48,2026-06-03 18:42:58,converted
1565,49,2026-06-03 09:06:11,converted
1566,55,2026-06-03 22:58:12,converted
1567,32,2026-06-03 16:37:59,converted
1568,51,2026-06-04 19:31:16,abandoned
1569,27,2026-06-04 12:11:28,converted
1570,9,2026-06-04 06:23:36,converted
1571,26,2026-06-04 12:15:29,abandoned
1572,12,2026-06-04 07:24:04,abandoned
1573,22,2026-06-04 09:13:46,abandoned
1574,46,2026-06-04 21:04:52,abandoned
1575,51,2026-06-04 08:47:18,abandoned
1576,26,2026-06-04 12:00:06,abandoned
1577,25,2026-06-04 13:19:48,abandoned
1578,59,2026-06-04 22:28:40,abandoned
1579,25,2026-06-04 18:18:55,abandoned
1580,14,2026-06-04 12:11:07,converted
1581,32,2026-06-04 22:58:56,converted
1582,33,2026-06-04 19:07:47,converted
1583,35,2026-06-04 13:34:25,converted
1584,36,2026-06-04 19:59:26,converted
1585,55,2026-06-04 12:54:35,converted
1586,57,2026-06-04 18:34:58,converted
1587,15,2026-06-04 19:09:06,abandoned
1588,55,2026-06-04 08:30:20,converted
1589,55,2026-06-04 19:17:15,abandoned
1590,45,2026-06-04 09:37:26,converted
1591,26,2026-06-04 14:44:52,converted
1592,21,2026-06-05 11:17:42,abandoned
1593,29,2026-06-05 12:30:09,converted
1594,17,2026-06-05 17:43:39,abandoned
1595,52,2026-06-05 18:32:54,abandoned
1596,41,2026-06-05 13:25:46,converted
1597,8,2026-06-05 21:02:10,abandoned
1598,12,2026-06-05 12:53:16,abandoned
1599,37,2026-06-05 17:55:42,abandoned
1600,16,2026-06-05 18:47:30,converted
1601,44,2026-06-05 14:37:56,abandoned
1602,23,2026-06-05 14:06:35,abandoned
1603,58,2026-06-05 23:27:28,abandoned
1604,42,2026-06-05 09:30:10,converted
1605,3,2026-06-05 14:17:42,converted
1606,39,2026-06-05 15:30:08,abandoned
1607,8,2026-06-05 18:21:15,converted
1608,7,2026-06-05 21:52:14,abandoned
1609,19,2026-06-05 13:22:13,converted
1610,41,2026-06-05 22:31:10,abandoned
1611,36,2026-06-05 13:43:20,converted
1612,24,2026-06-05 18:28:04,converted
1613,19,2026-06-05 09:50:54,abandoned
1614,30,2026-06-05 11:18:54,abandoned
1615,2,2026-06-05 11:07:33,converted
1616,52,2026-06-06 21:04:22,converted
1617,27,2026-06-06 13:42:13,converted
1618,25,2026-06-06 22:37:51,converted
1619,8,2026-06-06 07:38:35,converted
1620,19,2026-06-06 21:10:41,converted
1621,59,2026-06-06 21:52:49,abandoned
1622,34,2026-06-06 20:53:37,abandoned
1623,35,2026-06-06 18:57:42,abandoned
1624,56,2026-06-06 15:05:29,abandoned
1625,17,2026-06-06 22:51:06,abandoned
1626,26,2026-06-06 23:06:05,abandoned
1627,49,2026-06-06 15:34:07,abandoned
1628,35,2026-06-06 08:58:21,abandoned
1629,24,2026-06-06 13:35:55,abandoned
1630,6,2026-06-06 18:42:20,abandoned
1631,48,2026-06-06 03:53:42,abandoned
1632,8,2026-06-06 18:50:37,abandoned
1633,31,2026-06-06 13:41:55,converted
1634,21,2026-06-06 08:08:19,converted
1635,6,2026-06-06 11:22:32,converted
1636,54,2026-06-06 22:05:23,converted
1637,8,2026-06-06 09:18:15,abandoned
1638,12,2026-06-06 15:54:10,converted
1639,44,2026-06-06 14:02:57,abandoned
1640,20,2026-06-06 14:16:02,converted
1641,18,2026-06-06 15:33:48,abandoned
1642,37,2026-06-06 20:26:31,abandoned
1643,55,2026-06-06 12:39:32,converted
1644,32,2026-06-06 09:17:56,abandoned
1645,53,2026-06-06 12:46:49,abandoned
1646,58,2026-06-06 08:31:13,converted
1647,46,2026-06-06 02:00:39,converted
1648,56,2026-06-06 12:05:39,converted
1649,18,2026-06-06 13:49:15,abandoned
1650,60,2026-06-06 10:48:17,abandoned
1651,10,2026-06-06 20:16:55,converted
1652,42,2026-06-06 19:11:26,converted
1653,26,2026-06-06 15:41:10,abandoned
1654,5,2026-06-07 18:12:26,abandoned
1655,21,2026-06-07 06:06:31,converted
1656,35,2026-06-07 20:36:02,abandoned
1657,12,2026-06-07 09:51:52,converted
1658,4,2026-06-07 23:09:52,converted
1659,47,2026-06-07 21:42:46,abandoned
1660,12,2026-06-07 14:01:13,converted
1661,44,2026-06-07 10:22:52,converted
1662,11,2026-06-07 20:34:56,abandoned
1663,59,2026-06-07 23:43:26,abandoned
1664,18,2026-06-07 13:16:01,abandoned
1665,8,2026-06-07 18:31:18,converted
1666,13,2026-06-07 14:46:40,converted
1667,37,2026-06-07 22:26:20,abandoned
1668,13,2026-06-07 20:31:43,converted
1669,19,2026-06-07 20:25:29,abandoned
1670,50,2026-06-07 20:05:07,abandoned
1671,55,2026-06-07 09:36:48,abandoned
1672,60,2026-06-07 15:53:37,abandoned
1673,22,2026-06-07 12:53:05,converted
1674,8,2026-06-07 21:46:53,converted
1675,37,2026-06-07 22:19:09,abandoned
1676,5,2026-06-07 13:20:48,converted
1677,29,2026-06-07 10:03:06,abandoned
1678,35,2026-06-07 21:44:32,abandoned
1679,50,2026-06-07 12:00:09,abandoned
1680,5,2026-06-07 16:44:20,converted
1681,36,2026-06-07 22:35:44,abandoned
1682,51,2026-06-07 18:20:22,converted
1683,30,2026-06-07 08:05:46,converted
1684,15,2026-06-07 22:49:57,converted
1685,16,2026-06-07 02:31:46,converted
1686,9,2026-06-07 20:42:11,abandoned
1687,26,2026-06-07 22:54:08,abandoned
1688,27,2026-06-07 21:28:32,abandoned
1689,6,2026-06-07 19:37:03,abandoned
1690,20,2026-06-08 16:30:19,abandoned
1691,20,2026-06-08 07:46:26,converted
1692,2,2026-06-08 22:42:44,converted
1693,1,2026-06-08 21:27:14,abandoned
1694,56,2026-06-08 16:11:46,abandoned
1695,26,2026-06-08 14:55:49,abandoned
1696,20,2026-06-08 11:47:17,converted
1697,33,2026-06-08 14:03:12,abandoned
1698,4,2026-06-08 08:51:17,abandoned
1699,8,2026-06-08 12:48:44,abandoned
1700,3,2026-06-08 20:06:56,abandoned
1701,44,2026-06-08 19:48:03,abandoned
1702,41,2026-06-08 16:33:21,converted
1703,50,2026-06-08 16:48:03,converted
1704,44,2026-06-08 18:48:37,converted
1705,58,2026-06-08 02:51:18,abandoned
1706,3,2026-06-08 04:41:16,converted
1707,49,2026-06-08 14:22:54,abandoned
1708,44,2026-06-08 19:04:27,abandoned
1709,24,2026-06-08 19:56:09,abandoned
1710,53,2026-06-08 10:04:00,abandoned
1711,53,2026-06-08 19:49:16,abandoned
1712,40,2026-06-08 17:14:36,converted
1713,21,2026-06-08 21:02:09,converted
1714,6,2026-06-08 00:01:52,abandoned
1715,53,2026-06-08 20:50:27,converted
1716,32,2026-06-08 13:06:08,converted
1717,30,2026-06-08 10:46:24,abandoned
1718,24,2026-06-08 20:27:49,converted
1719,35,2026-06-09 23:48:14,converted
1720,30,2026-06-09 19:24:03,converted
1721,29,2026-06-09 14:16:08,abandoned
1722,46,2026-06-09 11:21:13,abandoned
1723,28,2026-06-09 19:53:30,abandoned
1724,60,2026-06-09 17:25:37,abandoned
1725,17,2026-06-09 01:50:01,abandoned
1726,39,2026-06-09 21:27:16,converted
1727,55,2026-06-09 08:45:55,converted
1728,10,2026-06-09 16:06:48,abandoned
1729,39,2026-06-09 09:31:06,abandoned
1730,24,2026-06-09 09:17:53,converted
1731,2,2026-06-09 21:47:26,converted
1732,6,2026-06-09 14:12:28,abandoned
1733,19,2026-06-09 18:13:11,converted
1734,16,2026-06-09 21:00:34,converted
1735,45,2026-06-09 18:47:38,abandoned
1736,35,2026-06-09 21:10:57,abandoned
1737,53,2026-06-09 15:08:53,abandoned
1738,30,2026-06-09 21:35:41,abandoned
1739,1,2026-06-09 16:34:27,abandoned
1740,55,2026-06-09 21:10:02,abandoned
1741,58,2026-06-09 13:52:19,abandoned
1742,59,2026-06-09 06:14:11,converted
1743,23,2026-06-09 21:03:07,abandoned
1744,15,2026-06-09 21:37:32,converted
1745,35,2026-06-09 23:14:07,converted
1746,26,2026-06-09 11:30:29,converted
1747,40,2026-06-09 23:06:37,converted
1748,55,2026-06-10 16:58:25,abandoned
1749,28,2026-06-10 09:51:49,abandoned
1750,35,2026-06-10 21:20:55,converted
1751,9,2026-06-10 09:40:06,abandoned
1752,17,2026-06-10 15:08:23,converted
1753,51,2026-06-10 09:11:47,converted
1754,38,2026-06-10 18:35:27,converted
1755,41,2026-06-10 16:50:22,abandoned
1756,45,2026-06-10 15:50:30,abandoned
1757,11,2026-06-10 13:59:13,converted
1758,60,2026-06-10 18:10:48,converted
1759,16,2026-06-10 21:05:18,abandoned
1760,42,2026-06-10 14:10:53,converted
1761,2,2026-06-10 19:39:04,abandoned
1762,12,2026-06-10 10:19:53,abandoned
1763,45,2026-06-10 07:01:59,converted
1764,14,2026-06-10 19:45:22,converted
1765,8,2026-06-10 03:59:50,converted
1766,13,2026-06-10 15:29:30,converted
1767,3,2026-06-10 20:56:27,abandoned
1768,2,2026-06-10 23:53:54,abandoned
1769,3,2026-06-10 21:18:35,abandoned
1770,15,2026-06-10 12:27:49,converted
1771,37,2026-06-10 07:44:29,converted
1772,12,2026-06-11 09:46:17,abandoned
1773,31,2026-06-11 17:16:43,converted
1774,55,2026-06-11 13:26:16,abandoned
1775,58,2026-06-11 22:04:23,abandoned
1776,4,2026-06-11 10:30:59,abandoned
1777,22,2026-06-11 07:29:41,converted
1778,18,2026-06-11 21:37:32,abandoned
1779,2,2026-06-11 20:30:44,abandoned
1780,37,2026-06-11 19:49:05,converted
1781,11,2026-06-11 19:44:39,converted
1782,9,2026-06-11 21:44:29,abandoned
1783,26,2026-06-11 19:28:01,converted
1784,38,2026-06-11 18:49:53,abandoned
1785,32,2026-06-11 09:09:26,abandoned
1786,53,2026-06-11 21:39:16,abandoned
1787,38,2026-06-11 17:42:15,converted
1788,29,2026-06-11 06:24:38,converted
1789,50,2026-06-11 12:50:15,abandoned
1790,56,2026-06-11 22:24:40,abandoned
1791,49,2026-06-11 20:58:03,converted
1792,20,2026-06-11 07:56:03,abandoned
1793,56,2026-06-11 22:04:29,converted
1794,2,2026-06-11 19:01:29,abandoned
1795,12,2026-06-11 19:29:40,abandoned
1796,44,2026-06-11 09:38:56,abandoned
1797,34,2026-06-11 10:01:15,converted
1798,42,2026-06-11 11:16:21,abandoned
1799,52,2026-06-11 19:42:09,converted
1800,53,2026-06-11 22:03:15,converted
1801,17,2026-06-11 16:05:44,converted
1802,10,2026-06-11 09:55:45,converted
1803,38,2026-06-12 13:52:31,converted
1804,30,2026-06-12 22:36:37,abandoned
1805,59,2026-06-12 21:38:42,abandoned
1806,16,2026-06-12 11:48:35,converted
1807,17,2026-06-12 21:52:15,abandoned
1808,39,2026-06-12 08:08:25,converted
1809,51,2026-06-12 13:41:42,abandoned
1810,14,2026-06-12 12:01:13,abandoned
1811,35,2026-06-12 16:02:37,converted
1812,46,2026-06-12 19:03:33,abandoned
1813,28,2026-06-12 15:51:06,abandoned
1814,37,2026-06-12 22:52:49,abandoned
1815,16,2026-06-12 18:00:28,converted
1816,55,2026-06-12 01:15:50,converted
1817,32,2026-06-12 16:41:10,converted
1818,13,2026-06-12 11:02:12,converted
1819,35,2026-06-12 14:08:49,abandoned
1820,41,2026-06-12 06:58:44,abandoned
1821,56,2026-06-12 17:22:05,abandoned
1822,36,2026-06-12 20:32:00,abandoned
1823,21,2026-06-12 21:28:16,abandoned
1824,4,2026-06-12 19:52:30,abandoned
1825,1,2026-06-12 19:20:57,converted
1826,26,2026-06-12 20:49:47,abandoned
1827,18,2026-06-13 18:44:47,converted
1828,39,2026-06-13 11:13:46,abandoned
1829,20,2026-06-13 12:01:32,abandoned
1830,3,2026-06-13 18:02:43,abandoned
1831,53,2026-06-13 19:56:18,abandoned
1832,52,2026-06-13 14:06:06,converted
1833,30,2026-06-13 20:43:10,abandoned
1834,31,2026-06-13 16:17:23,abandoned
1835,44,2026-06-13 20:58:40,abandoned
1836,53,2026-06-13 18:21:46,abandoned
1837,9,2026-06-13 21:11:15,converted
1838,14,2026-06-13 21:33:25,converted
1839,1,2026-06-13 21:37:02,converted
1840,37,2026-06-13 19:11:25,abandoned
1841,59,2026-06-13 20:31:59,abandoned
1842,9,2026-06-13 07:18:47,converted
1843,41,2026-06-13 13:13:18,converted
1844,27,2026-06-13 09:26:53,converted
1845,5,2026-06-13 13:23:01,converted
1846,16,2026-06-13 18:19:28,abandoned
1847,24,2026-06-13 11:43:51,converted
1848,14,2026-06-13 15:24:56,abandoned
1849,41,2026-06-13 19:29:25,converted
1850,55,2026-06-13 01:41:06,abandoned
1851,14,2026-06-13 11:52:09,abandoned
1852,14,2026-06-13 17:55:25,converted
1853,42,2026-06-13 11:10:28,abandoned
1854,22,2026-06-13 19:02:08,abandoned
1855,1,2026-06-13 08:39:12,converted
1856,21,2026-06-13 21:21:53,abandoned
1857,21,2026-06-13 15:44:38,converted
1858,41,2026-06-13 19:09:58,abandoned
1859,27,2026-06-13 21:32:44,converted
1860,47,2026-06-14 20:40:30,abandoned
1861,2,2026-06-14 19:55:27,converted
1862,33,2026-06-14 19:22:40,converted
1863,45,2026-06-14 20:43:31,abandoned
1864,3,2026-06-14 18:39:56,abandoned
1865,14,2026-06-14 10:26:49,converted
1866,60,2026-06-14 21:51:41,converted
1867,11,2026-06-14 10:12:52,converted
1868,33,2026-06-14 20:33:09,abandoned
1869,31,2026-06-14 07:42:34,converted
1870,48,2026-06-14 23:38:34,converted
1871,13,2026-06-14 14:07:03,converted
1872,27,2026-06-14 22:21:31,abandoned
1873,23,2026-06-14 21:22:06,converted
1874,9,2026-06-14 12:03:22,converted
1875,1,2026-06-14 10:54:53,converted
1876,16,2026-06-14 14:02:56,converted
1877,50,2026-06-14 21:47:04,abandoned
1878,32,2026-06-14 21:58:52,converted
1879,50,2026-06-14 14:44:31,abandoned
1880,41,2026-06-14 22:36:16,converted
1881,23,2026-06-14 21:38:48,converted
1882,31,2026-06-14 12:27:29,converted
1883,49,2026-06-14 19:53:38,converted
1884,40,2026-06-14 20:10:29,abandoned
1885,29,2026-06-14 11:00:24,abandoned
1886,58,2026-06-14 20:05:29,abandoned
1887,53,2026-06-14 13:19:26,abandoned
1888,16,2026-06-14 10:46:09,abandoned
1889,2,2026-06-14 23:56:10,abandoned
1890,28,2026-06-14 13:17:55,abandoned
1891,30,2026-06-15 23:37:20,converted
1892,54,2026-06-15 15:13:29,abandoned
1893,36,2026-06-15 18:23:32,abandoned
1894,36,2026-06-15 16:26:13,converted
1895,36,2026-06-15 21:34:06,converted
1896,32,2026-06-15 02:25:24,abandoned
1897,15,2026-06-15 16:09:37,abandoned
1898,33,2026-06-15 19:54:27,converted
1899,47,2026-06-15 21:12:21,abandoned
1900,50,2026-06-15 10:51:42,abandoned
1901,44,2026-06-15 21:20:28,abandoned
1902,40,2026-06-15 18:56:47,converted
1903,4,2026-06-15 19:44:06,abandoned
1904,26,2026-06-15 20:49:34,abandoned
1905,10,2026-06-15 12:19:51,converted
1906,55,2026-06-15 15:19:52,abandoned
1907,49,2026-06-15 16:42:13,abandoned
1908,11,2026-06-15 18:45:42,abandoned
1909,50,2026-06-15 20:45:02,abandoned
1910,53,2026-06-15 12:11:19,converted
1911,55,2026-06-15 16:16:24,converted
1912,1,2026-06-15 13:10:57,abandoned
1913,42,2026-06-15 21:18:57,abandoned
1914,25,2026-06-15 19:03:45,converted
1915,13,2026-06-15 20:01:51,converted
1916,1,2026-06-15 10:20:47,abandoned
1917,9,2026-06-15 20:53:08,converted
1918,56,2026-06-16 15:04:20,converted
1919,59,2026-06-16 13:56:19,abandoned
1920,25,2026-06-16 11:36:37,abandoned
1921,23,2026-06-16 18:10:40,converted
1922,22,2026-06-16 13:46:46,abandoned
1923,31,2026-06-16 10:34:58,converted
1924,44,2026-06-16 16:37:53,abandoned
1925,30,2026-06-16 17:29:37,converted
1926,13,2026-06-16 07:33:51,abandoned
1927,16,2026-06-16 08:13:37,converted
1928,36,2026-06-16 15:02:39,abandoned
1929,4,2026-06-16 14:35:41,abandoned
1930,16,2026-06-16 22:46:04,converted
1931,22,2026-06-16 21:01:43,abandoned
1932,2,2026-06-16 14:30:02,abandoned
1933,2,2026-06-16 09:55:25,converted
1934,4,2026-06-16 14:08:41,converted
1935,47,2026-06-16 18:21:53,converted
1936,13,2026-06-16 12:47:03,abandoned
1937,41,2026-06-16 19:40:57,abandoned
1938,12,2026-06-16 18:53:14,abandoned
1939,26,2026-06-16 13:21:36,converted
1940,31,2026-06-16 20:23:14,abandoned
1941,18,2026-06-16 22:25:27,abandoned
1942,49,2026-06-17 18:49:36,converted
1943,11,2026-06-17 19:55:41,abandoned
1944,15,2026-06-17 13:13:42,converted
1945,38,2026-06-17 19:39:38,abandoned
1946,33,2026-06-17 08:25:57,abandoned
1947,31,2026-06-17 10:03:30,abandoned
1948,36,2026-06-17 21:01:35,converted
1949,12,2026-06-17 13:17:53,abandoned
1950,23,2026-06-17 20:13:58,abandoned
1951,56,2026-06-17 20:40:57,abandoned
1952,6,2026-06-17 23:07:11,converted
1953,7,2026-06-17 10:50:49,converted
1954,31,2026-06-17 21:26:53,abandoned
1955,45,2026-06-17 12:46:03,abandoned
1956,6,2026-06-17 09:00:18,abandoned
1957,11,2026-06-17 21:02:09,abandoned
1958,3,2026-06-17 20:04:56,abandoned
1959,50,2026-06-17 11:32:57,converted
1960,7,2026-06-17 16:59:37,abandoned
1961,51,2026-06-17 16:13:56,abandoned
1962,20,2026-06-17 21:42:55,abandoned
1963,20,2026-06-17 13:58:31,converted
1964,51,2026-06-17 22:02:58,converted
1965,46,2026-06-17 12:58:21,abandoned
1966,12,2026-06-17 14:26:35,converted
1967,47,2026-06-17 20:59:45,abandoned
1968,59,2026-06-17 13:24:38,converted
1969,26,2026-06-18 11:23:49,converted
1970,43,2026-06-18 07:18:54,abandoned
1971,56,2026-06-18 11:02:50,converted
1972,49,2026-06-18 09:08:34,abandoned
1973,8,2026-06-18 13:50:42,converted
1974,39,2026-06-18 18:19:02,abandoned
1975,8,2026-06-18 12:56:50,converted
1976,42,2026-06-18 17:08:59,abandoned
1977,32,2026-06-18 17:02:38,abandoned
1978,55,2026-06-18 08:57:19,converted
1979,17,2026-06-18 12:35:26,converted
1980,32,2026-06-18 23:35:41,abandoned
1981,8,2026-06-18 19:06:14,abandoned
1982,26,2026-06-18 18:00:20,abandoned
1983,38,2026-06-18 18:44:49,converted
1984,47,2026-06-18 07:21:26,abandoned
1985,6,2026-06-18 14:09:28,converted
1986,20,2026-06-18 15:53:31,abandoned
1987,16,2026-06-18 20:57:16,converted
1988,39,2026-06-18 09:34:21,converted
1989,14,2026-06-19 11:09:39,converted
1990,26,2026-06-19 11:56:44,converted
1991,50,2026-06-19 11:07:22,converted
1992,33,2026-06-19 07:34:49,converted
1993,32,2026-06-19 18:05:38,abandoned
1994,22,2026-06-19 15:24:09,converted
1995,52,2026-06-19 21:14:00,converted
1996,19,2026-06-19 21:28:00,converted
1997,27,2026-06-19 19:21:03,converted
1998,4,2026-06-19 10:15:04,converted
1999,44,2026-06-19 16:34:22,abandoned
2000,47,2026-06-19 12:32:23,converted
2001,16,2026-06-19 19:04:13,abandoned
2002,25,2026-06-19 14:13:08,converted
2003,7,2026-06-19 09:17:42,converted
2004,18,2026-06-19 13:22:14,abandoned
2005,27,2026-06-19 12:28:32,abandoned
2006,19,2026-06-19 19:53:07,abandoned
2007,38,2026-06-19 10:36:26,converted
2008,12,2026-06-19 18:14:47,converted
2009,51,2026-06-19 19:57:00,abandoned
2010,55,2026-06-19 19:46:44,abandoned
2011,14,2026-06-20 12:39:33,abandoned
2012,10,2026-06-20 20:12:28,converted
2013,51,2026-06-20 23:33:27,abandoned
2014,2,2026-06-20 20:53:03,converted
2015,25,2026-06-20 05:50:32,converted
2016,24,2026-06-20 21:17:36,abandoned
2017,49,2026-06-20 21:58:36,abandoned
2018,19,2026-06-20 14:30:22,converted
2019,4,2026-06-20 12:17:15,abandoned
2020,54,2026-06-20 13:33:40,abandoned
2021,23,2026-06-20 16:12:02,converted
2022,60,2026-06-20 18:09:56,abandoned
2023,7,2026-06-20 15:06:23,converted
2024,13,2026-06-20 19:10:26,converted
2025,24,2026-06-20 12:15:15,converted
2026,44,2026-06-20 13:52:17,converted
2027,12,2026-06-20 16:24:27,abandoned
2028,46,2026-06-20 08:20:08,abandoned
2029,1,2026-06-20 20:29:52,abandoned
2030,15,2026-06-20 17:45:54,abandoned
2031,49,2026-06-20 09:56:48,abandoned
2032,33,2026-06-20 21:12:00,converted
2033,14,2026-06-20 21:03:22,converted
2034,31,2026-06-20 09:23:45,abandoned
2035,39,2026-06-21 18:43:24,converted
2036,44,2026-06-21 14:45:23,converted
2037,24,2026-06-21 19:30:42,abandoned
2038,38,2026-06-21 09:58:21,converted
2039,30,2026-06-21 21:38:29,abandoned
2040,6,2026-06-21 18:06:18,converted
2041,52,2026-06-21 10:56:13,converted
2042,3,2026-06-21 20:44:56,abandoned
2043,25,2026-06-21 20:20:05,abandoned
2044,32,2026-06-21 21:25:41,converted
2045,52,2026-06-21 03:58:03,abandoned
2046,16,2026-06-21 08:28:33,abandoned
2047,3,2026-06-21 11:41:14,abandoned
2048,40,2026-06-21 20:03:59,converted
2049,9,2026-06-21 23:43:40,abandoned
2050,45,2026-06-21 23:49:29,converted
2051,60,2026-06-21 11:28:39,abandoned
2052,27,2026-06-21 20:22:41,converted
2053,16,2026-06-21 15:33:57,converted
2054,28,2026-06-21 15:32:53,converted
2055,35,2026-06-21 22:00:29,converted
2056,32,2026-06-21 14:01:35,abandoned
2057,29,2026-06-22 09:49:24,abandoned
2058,9,2026-06-22 18:55:22,converted
2059,1,2026-06-22 19:11:16,converted
2060,10,2026-06-22 13:00:04,converted
2061,55,2026-06-22 11:38:13,abandoned
2062,32,2026-06-22 19:01:08,abandoned
2063,24,2026-06-22 12:50:47,converted
2064,51,2026-06-22 11:41:19,converted
2065,56,2026-06-22 17:42:47,abandoned
2066,43,2026-06-22 22:22:41,abandoned
2067,14,2026-06-22 15:25:53,abandoned
2068,30,2026-06-22 16:33:30,converted
2069,16,2026-06-22 21:46:27,abandoned
2070,21,2026-06-22 20:23:46,converted
2071,3,2026-06-22 19:28:14,abandoned
2072,18,2026-06-22 18:59:22,abandoned
2073,23,2026-06-22 09:02:43,converted
2074,44,2026-06-22 19:14:52,abandoned
2075,7,2026-06-23 09:15:42,converted
2076,43,2026-06-23 13:44:03,abandoned
2077,23,2026-06-23 13:21:05,converted
2078,3,2026-06-23 22:26:08,converted
2079,31,2026-06-23 14:27:46,abandoned
2080,2,2026-06-23 17:33:07,abandoned
2081,28,2026-06-23 18:05:38,abandoned
2082,5,2026-06-23 15:31:03,abandoned
2083,35,2026-06-23 10:52:08,abandoned
2084,49,2026-06-23 11:50:14,converted
2085,39,2026-06-23 20:25:19,converted
2086,22,2026-06-23 12:01:47,abandoned
2087,42,2026-06-23 12:27:56,abandoned
2088,55,2026-06-23 10:37:30,abandoned
2089,44,2026-06-23 22:38:08,converted
2090,40,2026-06-23 10:06:37,converted
2091,44,2026-06-23 15:00:28,abandoned
2092,6,2026-06-23 14:12:03,converted
2093,3,2026-06-23 21:47:19,converted
2094,45,2026-06-23 15:22:19,converted
2095,5,2026-06-23 07:48:20,abandoned
2096,11,2026-06-23 10:06:15,converted
2097,41,2026-06-24 14:26:53,abandoned
2098,16,2026-06-24 20:38:00,converted
2099,4,2026-06-24 22:58:00,abandoned
2100,2,2026-06-24 20:42:34,converted
2101,42,2026-06-24 13:16:59,converted
2102,47,2026-06-24 19:07:44,abandoned
2103,16,2026-06-24 18:25:06,converted
2104,34,2026-06-24 16:18:52,abandoned
2105,46,2026-06-24 20:18:42,abandoned
2106,12,2026-06-24 16:13:46,abandoned
2107,50,2026-06-24 09:19:11,converted
2108,25,2026-06-24 13:34:36,converted
2109,39,2026-06-24 21:14:25,abandoned
2110,50,2026-06-24 22:38:07,abandoned
2111,18,2026-06-24 08:58:16,converted
2112,26,2026-06-24 19:54:52,converted
2113,18,2026-06-24 17:26:50,abandoned
2114,35,2026-06-24 19:57:00,converted
2115,12,2026-06-24 20:48:26,abandoned
2116,36,2026-06-24 16:05:36,abandoned
2117,4,2026-06-24 14:10:44,converted
2118,54,2026-06-24 12:30:39,abandoned
2119,39,2026-06-25 21:15:30,abandoned
2120,33,2026-06-25 11:44:26,abandoned
2121,14,2026-06-25 18:09:09,abandoned
2122,45,2026-06-25 20:20:35,abandoned
2123,58,2026-06-25 11:59:06,abandoned
2124,23,2026-06-25 12:52:13,converted
2125,34,2026-06-25 19:21:49,abandoned
2126,24,2026-06-25 21:37:34,abandoned
2127,58,2026-06-25 11:41:48,abandoned
2128,14,2026-06-25 22:30:12,converted
2129,42,2026-06-25 10:54:17,converted
2130,7,2026-06-25 19:19:18,converted
2131,45,2026-06-25 18:28:26,converted
2132,58,2026-06-25 11:02:20,abandoned
2133,33,2026-06-25 21:11:24,converted
2134,25,2026-06-25 15:42:59,converted
2135,49,2026-06-25 11:43:01,converted
2136,44,2026-06-25 17:38:14,abandoned
2137,25,2026-06-26 15:39:16,converted
2138,29,2026-06-26 12:21:52,abandoned
2139,36,2026-06-26 18:59:33,converted
2140,30,2026-06-26 09:35:33,converted
2141,40,2026-06-26 19:42:24,abandoned
2142,17,2026-06-26 15:26:44,converted
2143,46,2026-06-26 22:28:06,abandoned
2144,1,2026-06-26 19:04:34,converted
2145,24,2026-06-26 18:40:27,abandoned
2146,42,2026-06-26 13:26:26,converted
2147,31,2026-06-26 21:34:37,abandoned
2148,55,2026-06-26 10:03:55,abandoned
2149,28,2026-06-26 20:48:24,abandoned
2150,16,2026-06-26 17:18:36,abandoned
2151,15,2026-06-26 05:53:05,abandoned
2152,39,2026-06-26 13:51:39,abandoned
2153,24,2026-06-26 10:55:57,abandoned
2154,58,2026-06-26 11:20:26,converted
2155,15,2026-06-26 13:43:26,abandoned
2156,20,2026-06-26 12:22:29,converted
2157,57,2026-06-26 18:52:31,abandoned
2158,42,2026-06-26 12:18:53,converted
2159,30,2026-06-27 14:30:18,converted
2160,4,2026-06-27 18:03:50,converted
2161,52,2026-06-27 13:42:27,abandoned
2162,9,2026-06-27 22:27:02,converted
2163,39,2026-06-27 16:37:47,converted
2164,47,2026-06-27 13:28:27,abandoned
2165,18,2026-06-27 19:46:37,converted
2166,46,2026-06-27 10:14:44,abandoned
2167,21,2026-06-27 12:30:43,converted
2168,20,2026-06-27 15:15:13,converted
2169,60,2026-06-27 21:55:43,abandoned
2170,35,2026-06-27 21:43:44,abandoned
2171,31,2026-06-27 13:13:05,abandoned
2172,27,2026-06-27 20:34:52,abandoned
2173,24,2026-06-27 18:44:07,abandoned
2174,4,2026-06-27 20:33:19,converted
2175,14,2026-06-27 17:54:06,abandoned
2176,3,2026-06-27 20:12:34,converted
2177,30,2026-06-27 20:15:48,abandoned
2178,13,2026-06-27 12:05:18,abandoned
2179,23,2026-06-27 13:54:03,abandoned
2180,19,2026-06-27 03:28:34,abandoned
2181,21,2026-06-27 13:26:47,abandoned
2182,8,2026-06-27 20:47:11,abandoned
2183,22,2026-06-28 10:26:19,abandoned
2184,25,2026-06-28 19:05:01,abandoned
2185,8,2026-06-28 14:09:26,converted
2186,60,2026-06-28 19:47:00,abandoned
2187,60,2026-06-28 22:40:22,converted
2188,52,2026-06-28 11:29:07,abandoned
2189,52,2026-06-28 07:43:32,converted
2190,23,2026-06-28 21:56:30,abandoned
2191,47,2026-06-28 18:21:27,abandoned
2192,23,2026-06-28 15:08:14,converted
2193,14,2026-06-28 14:03:26,abandoned
2194,56,2026-06-28 11:24:00,abandoned
2195,58,2026-06-28 21:48:36,converted
2196,16,2026-06-28 17:45:36,abandoned
2197,47,2026-06-28 07:23:14,abandoned
2198,48,2026-06-28 14:13:40,abandoned
2199,32,2026-06-28 02:35:16,abandoned
2200,10,2026-06-28 18:10:23,converted
2201,47,2026-06-28 12:53:27,abandoned
2202,26,2026-06-28 12:51:35,abandoned
2203,6,2026-06-28 22:20:57,abandoned
2204,35,2026-06-28 19:17:05,converted
2205,40,2026-06-28 16:16:21,converted
2206,28,2026-06-28 12:46:00,abandoned
2207,12,2026-06-28 08:07:25,converted
2208,11,2026-06-28 16:26:35,converted
2209,5,2026-06-28 21:21:55,converted
2210,28,2026-06-29 16:17:59,abandoned
2211,55,2026-06-29 20:39:36,abandoned
2212,23,2026-06-29 14:47:40,converted
2213,54,2026-06-29 19:35:15,converted
2214,19,2026-06-29 20:00:28,abandoned
2215,37,2026-06-29 19:06:38,converted
2216,44,2026-06-29 09:58:17,abandoned
2217,43,2026-06-29 17:17:28,converted
2218,54,2026-06-29 13:49:27,converted
2219,45,2026-06-29 12:55:07,abandoned
2220,43,2026-06-29 07:07:21,abandoned
2221,17,2026-06-29 12:04:52,converted
2222,47,2026-06-29 18:19:06,abandoned
2223,21,2026-06-29 10:55:09,abandoned
2224,39,2026-06-29 13:31:23,converted
2225,14,2026-06-29 20:41:50,abandoned
2226,17,2026-06-29 14:37:28,abandoned
2227,52,2026-06-29 20:44:15,abandoned
2228,3,2026-06-29 17:13:31,abandoned
2229,13,2026-06-29 18:24:06,abandoned
