order_id,line_no,product_id,merchant_id,quantity,unit_price,discount_amt
1,1,1052,M11,2,45.0,0.0
2,1,1007,M02,1,32.9,0.0
3,1,1054,M11,1,129.0,6.45
4,1,1055,M11,1,129.0,0.0
4,2,1051,M11,1,18.5,0.0
4,3,1052,M11,1,45.0,0.0
5,1,1003,M01,1,189.0,0.0
6,1,1028,M06,2,32.9,0.0
6,2,1030,M06,2,45.0,0.0
7,1,1018,M04,1,59.9,3.0
7,2,1016,M04,1,189.0,0.0
8,1,1035,M07,1,59.9,0.0
9,1,1048,M10,1,59.9,0.0
10,1,1004,M01,1,45.0,0.0
11,1,1032,M07,1,59.9,0.0
11,2,1035,M07,1,59.9,0.0
12,1,1011,M03,1,24.0,2.4
13,1,1009,M02,2,12.9,1.29
14,1,1005,M01,1,24.0,0.0
14,2,1001,M01,1,32.9,0.0
15,1,1001,M01,1,32.9,1.65
15,2,1004,M01,1,45.0,4.5
15,3,1005,M01,2,24.0,0.0
16,1,1029,M06,1,79.0,0.0
17,1,1003,M01,2,189.0,0.0
17,2,1002,M01,1,129.0,0.0
18,1,1041,M09,1,59.9,5.99
19,1,1029,M06,2,79.0,0.0
20,1,1033,M07,2,45.0,0.0
21,1,1034,M07,1,12.9,0.0
22,1,1049,M10,3,32.9,0.0
23,1,1013,M03,1,79.0,7.9
24,1,1031,M07,3,79.0,0.0
25,1,1028,M06,1,32.9,3.29
25,2,1026,M06,2,32.9,3.29
25,3,1030,M06,1,45.0,0.0
26,1,1035,M07,1,59.9,0.0
27,1,1034,M07,1,12.9,0.0
27,2,1033,M07,1,45.0,2.25
28,1,1024,M05,1,45.0,0.0
29,1,1035,M07,1,59.9,0.0
30,1,1016,M04,1,189.0,0.0
31,1,1034,M07,1,12.9,0.0
32,1,1044,M09,1,189.0,9.45
33,1,1034,M07,1,12.9,1.29
34,1,1042,M09,1,45.0,0.0
35,1,1035,M07,2,59.9,0.0
35,2,1033,M07,1,45.0,2.25
36,1,1035,M07,1,59.9,3.0
37,1,1033,M07,1,45.0,0.0
38,1,1015,M03,1,189.0,0.0
38,2,1012,M03,1,24.0,0.0
39,1,1040,M08,1,32.9,0.0
39,2,1036,M08,1,79.0,0.0
39,3,1038,M08,1,45.0,0.0
40,1,1005,M01,1,24.0,0.0
41,1,1034,M07,1,12.9,0.0
42,1,1046,M10,1,45.0,0.0
42,2,1049,M10,1,32.9,3.29
43,1,1039,M08,1,12.9,0.0
44,1,1005,M01,1,24.0,0.0
45,1,1028,M06,2,32.9,0.0
45,2,1030,M06,1,45.0,2.25
46,1,1017,M04,2,12.9,2.58
47,1,1029,M06,2,79.0,0.0
48,1,1033,M07,1,45.0,0.0
48,2,1035,M07,1,59.9,0.0
49,1,1007,M02,1,32.9,0.0
50,1,1024,M05,2,45.0,0.0
50,2,1025,M05,2,79.0,0.0
51,1,1024,M05,1,45.0,0.0
51,2,1023,M05,1,79.0,0.0
52,1,1018,M04,2,59.9,0.0
52,2,1019,M04,1,18.5,0.0
52,3,1016,M04,1,189.0,0.0
53,1,1004,M01,3,45.0,0.0
54,1,1008,M02,2,45.0,0.0
55,1,1009,M02,1,12.9,0.65
56,1,1011,M03,1,24.0,0.0
57,1,1032,M07,1,59.9,3.0
58,1,1006,M02,1,189.0,0.0
59,1,1015,M03,1,189.0,9.45
60,1,1052,M11,2,45.0,9.0
61,1,1018,M04,1,59.9,5.99
62,1,1057,M12,1,24.0,2.4
63,1,1044,M09,1,189.0,0.0
63,2,1043,M09,2,59.9,5.99
63,3,1042,M09,1,45.0,0.0
64,1,1060,M12,1,129.0,0.0
65,1,1051,M11,1,18.5,0.93
66,1,1007,M02,1,32.9,0.0
66,2,1008,M02,1,45.0,0.0
66,3,1009,M02,1,12.9,0.0
67,1,1060,M12,1,129.0,0.0
67,2,1058,M12,1,18.5,0.93
68,1,1031,M07,1,79.0,3.95
68,2,1033,M07,1,45.0,2.25
69,1,1051,M11,1,18.5,0.0
69,2,1054,M11,1,129.0,0.0
69,3,1055,M11,1,129.0,0.0
70,1,1054,M11,1,129.0,6.45
71,1,1060,M12,3,129.0,19.35
71,2,1056,M12,1,79.0,0.0
71,3,1059,M12,2,24.0,0.0
72,1,1047,M10,2,45.0,4.5
72,2,1046,M10,1,45.0,0.0
73,1,1020,M04,2,24.0,2.4
74,1,1050,M10,3,18.5,0.0
75,1,1035,M07,1,59.9,0.0
76,1,1058,M12,1,18.5,0.0
77,1,1005,M01,3,24.0,7.2
78,1,1049,M10,1,32.9,1.65
79,1,1020,M04,1,24.0,0.0
80,1,1043,M09,1,59.9,0.0
81,1,1055,M11,1,129.0,0.0
81,2,1052,M11,1,45.0,0.0
82,1,1022,M05,2,79.0,0.0
82,2,1023,M05,2,79.0,0.0
83,1,1050,M10,1,18.5,0.0
83,2,1046,M10,1,45.0,0.0
83,3,1048,M10,1,59.9,0.0
84,1,1003,M01,1,189.0,9.45
84,2,1001,M01,1,32.9,0.0
85,1,1045,M09,1,79.0,0.0
85,2,1044,M09,1,189.0,0.0
86,1,1054,M11,1,129.0,0.0
87,1,1057,M12,2,24.0,0.0
88,1,1041,M09,1,59.9,0.0
89,1,1001,M01,1,32.9,1.65
90,1,1032,M07,1,59.9,0.0
91,1,1001,M01,3,32.9,0.0
92,1,1017,M04,3,12.9,0.0
93,1,1042,M09,1,45.0,2.25
94,1,1044,M09,1,189.0,0.0
95,1,1001,M01,2,32.9,0.0
95,2,1005,M01,1,24.0,2.4
96,1,1002,M01,1,129.0,0.0
97,1,1009,M02,1,12.9,0.0
98,1,1008,M02,3,45.0,0.0
98,2,1006,M02,1,189.0,0.0
98,3,1009,M02,2,12.9,0.0
99,1,1035,M07,1,59.9,0.0
100,1,1057,M12,1,24.0,0.0
101,1,1046,M10,1,45.0,2.25
101,2,1050,M10,1,18.5,1.85
102,1,1034,M07,1,12.9,0.0
102,2,1033,M07,1,45.0,4.5
103,1,1036,M08,1,79.0,3.95
104,1,1003,M01,1,189.0,0.0
104,2,1001,M01,3,32.9,0.0
105,1,1059,M12,1,24.0,0.0
106,1,1032,M07,1,59.9,0.0
106,2,1031,M07,1,79.0,0.0
107,1,1028,M06,1,32.9,0.0
107,2,1026,M06,1,32.9,0.0
107,3,1030,M06,2,45.0,4.5
108,1,1022,M05,2,79.0,15.8
108,2,1021,M05,2,24.0,0.0
109,1,1020,M04,1,24.0,0.0
110,1,1028,M06,1,32.9,1.65
110,2,1029,M06,1,79.0,3.95
111,1,1046,M10,1,45.0,2.25
112,1,1051,M11,1,18.5,0.0
112,2,1054,M11,1,129.0,0.0
112,3,1055,M11,1,129.0,0.0
113,1,1003,M01,1,189.0,9.45
113,2,1005,M01,3,24.0,3.6
113,3,1002,M01,1,129.0,6.45
114,1,1033,M07,1,45.0,0.0
115,1,1034,M07,1,12.9,0.65
115,2,1032,M07,2,59.9,0.0
116,1,1027,M06,1,59.9,0.0
117,1,1016,M04,1,189.0,0.0
118,1,1009,M02,1,12.9,0.0
118,2,1006,M02,3,189.0,0.0
118,3,1010,M02,1,45.0,0.0
119,1,1031,M07,1,79.0,3.95
120,1,1034,M07,1,12.9,0.0
120,2,1031,M07,1,79.0,3.95
121,1,1042,M09,1,45.0,4.5
122,1,1037,M08,2,18.5,0.0
122,2,1036,M08,1,79.0,0.0
122,3,1040,M08,1,32.9,0.0
123,1,1047,M10,2,45.0,0.0
123,2,1046,M10,1,45.0,0.0
124,1,1029,M06,2,79.0,0.0
125,1,1029,M06,1,79.0,7.9
125,2,1026,M06,1,32.9,0.0
126,1,1040,M08,1,32.9,1.65
127,1,1009,M02,1,12.9,0.0
127,2,1007,M02,1,32.9,3.29
127,3,1010,M02,1,45.0,0.0
128,1,1055,M11,1,129.0,0.0
128,2,1052,M11,1,45.0,2.25
129,1,1046,M10,1,45.0,2.25
130,1,1001,M01,2,32.9,0.0
130,2,1002,M01,1,129.0,12.9
131,1,1007,M02,1,32.9,0.0
131,2,1008,M02,3,45.0,0.0
132,1,1004,M01,1,45.0,0.0
133,1,1045,M09,1,79.0,0.0
134,1,1052,M11,1,45.0,0.0
134,2,1051,M11,1,18.5,0.0
135,1,1053,M11,1,24.0,1.2
136,1,1052,M11,1,45.0,2.25
136,2,1055,M11,1,129.0,6.45
137,1,1040,M08,1,32.9,3.29
137,2,1036,M08,2,79.0,0.0
137,3,1038,M08,1,45.0,2.25
138,1,1035,M07,1,59.9,3.0
139,1,1008,M02,1,45.0,2.25
140,1,1030,M06,1,45.0,0.0
141,1,1034,M07,2,12.9,0.0
142,1,1052,M11,2,45.0,0.0
142,2,1054,M11,3,129.0,0.0
143,1,1033,M07,1,45.0,4.5
144,1,1004,M01,1,45.0,0.0
145,1,1021,M05,1,24.0,2.4
146,1,1003,M01,1,189.0,0.0
146,2,1001,M01,1,32.9,3.29
147,1,1023,M05,1,79.0,0.0
148,1,1019,M04,1,18.5,0.93
149,1,1030,M06,1,45.0,2.25
150,1,1051,M11,1,18.5,0.0
151,1,1021,M05,1,24.0,1.2
152,1,1018,M04,1,59.9,0.0
153,1,1030,M06,2,45.0,0.0
153,2,1028,M06,1,32.9,0.0
154,1,1011,M03,1,24.0,0.0
155,1,1016,M04,1,189.0,9.45
155,2,1017,M04,1,12.9,1.29
156,1,1002,M01,2,129.0,0.0
157,1,1030,M06,1,45.0,2.25
157,2,1027,M06,1,59.9,3.0
158,1,1032,M07,1,59.9,0.0
158,2,1034,M07,2,12.9,0.0
158,3,1035,M07,1,59.9,0.0
159,1,1058,M12,1,18.5,0.93
159,2,1059,M12,1,24.0,0.0
160,1,1018,M04,1,59.9,3.0
160,2,1016,M04,1,189.0,0.0
161,1,1025,M05,1,79.0,3.95
162,1,1003,M01,1,189.0,9.45
163,1,1055,M11,1,129.0,0.0
163,2,1053,M11,1,24.0,1.2
163,3,1052,M11,2,45.0,9.0
164,1,1048,M10,1,59.9,0.0
164,2,1047,M10,1,45.0,0.0
165,1,1045,M09,2,79.0,7.9
166,1,1022,M05,1,79.0,0.0
166,2,1021,M05,1,24.0,0.0
167,1,1034,M07,1,12.9,0.0
168,1,1018,M04,1,59.9,0.0
169,1,1001,M01,1,32.9,0.0
169,2,1003,M01,1,189.0,9.45
170,1,1053,M11,1,24.0,0.0
171,1,1054,M11,1,129.0,0.0
172,1,1035,M07,1,59.9,3.0
173,1,1013,M03,2,79.0,0.0
174,1,1058,M12,2,18.5,1.85
175,1,1027,M06,1,59.9,5.99
175,2,1029,M06,1,79.0,7.9
176,1,1060,M12,1,129.0,0.0
177,1,1042,M09,1,45.0,0.0
178,1,1019,M04,1,18.5,0.93
178,2,1018,M04,1,59.9,0.0
179,1,1030,M06,1,45.0,0.0
180,1,1016,M04,1,189.0,0.0
181,1,1008,M02,3,45.0,6.75
182,1,1047,M10,1,45.0,0.0
183,1,1043,M09,1,59.9,0.0
184,1,1004,M01,2,45.0,4.5
185,1,1018,M04,1,59.9,0.0
186,1,1044,M09,1,189.0,18.9
187,1,1029,M06,1,79.0,7.9
188,1,1046,M10,2,45.0,0.0
188,2,1048,M10,3,59.9,0.0
189,1,1027,M06,1,59.9,0.0
190,1,1009,M02,1,12.9,0.0
190,2,1007,M02,1,32.9,3.29
191,1,1024,M05,2,45.0,9.0
192,1,1038,M08,1,45.0,2.25
193,1,1033,M07,1,45.0,2.25
194,1,1034,M07,1,12.9,1.29
195,1,1020,M04,1,24.0,0.0
195,2,1018,M04,1,59.9,0.0
196,1,1016,M04,2,189.0,0.0
196,2,1019,M04,1,18.5,0.0
197,1,1007,M02,1,32.9,0.0
198,1,1059,M12,2,24.0,0.0
199,1,1034,M07,3,12.9,1.94
200,1,1055,M11,1,129.0,0.0
201,1,1008,M02,1,45.0,0.0
202,1,1039,M08,1,12.9,0.0
203,1,1032,M07,1,59.9,5.99
204,1,1042,M09,1,45.0,0.0
204,2,1041,M09,1,59.9,0.0
204,3,1045,M09,1,79.0,0.0
205,1,1028,M06,1,32.9,0.0
206,1,1030,M06,1,45.0,0.0
206,2,1029,M06,1,79.0,7.9
206,3,1027,M06,1,59.9,5.99
207,1,1021,M05,1,24.0,0.0
208,1,1007,M02,1,32.9,1.65
208,2,1008,M02,1,45.0,0.0
209,1,1043,M09,1,59.9,0.0
210,1,1043,M09,1,59.9,0.0
211,1,1034,M07,1,12.9,0.0
212,1,1005,M01,1,24.0,0.0
212,2,1002,M01,1,129.0,0.0
212,3,1004,M01,1,45.0,0.0
213,1,1038,M08,1,45.0,2.25
213,2,1036,M08,1,79.0,0.0
213,3,1040,M08,1,32.9,0.0
214,1,1031,M07,2,79.0,0.0
215,1,1039,M08,2,12.9,1.29
216,1,1060,M12,2,129.0,0.0
217,1,1018,M04,2,59.9,0.0
218,1,1038,M08,1,45.0,0.0
219,1,1032,M07,2,59.9,0.0
220,1,1018,M04,2,59.9,5.99
221,1,1035,M07,1,59.9,0.0
221,2,1031,M07,2,79.0,0.0
222,1,1009,M02,1,12.9,0.0
222,2,1006,M02,1,189.0,0.0
222,3,1010,M02,1,45.0,0.0
223,1,1033,M07,1,45.0,0.0
224,1,1008,M02,1,45.0,0.0
224,2,1006,M02,1,189.0,18.9
225,1,1057,M12,2,24.0,0.0
226,1,1022,M05,1,79.0,0.0
226,2,1023,M05,1,79.0,0.0
227,1,1004,M01,1,45.0,0.0
227,2,1001,M01,1,32.9,0.0
228,1,1033,M07,1,45.0,0.0
229,1,1001,M01,3,32.9,0.0
230,1,1013,M03,3,79.0,23.7
231,1,1018,M04,1,59.9,0.0
232,1,1049,M10,1,32.9,1.65
232,2,1046,M10,1,45.0,2.25
233,1,1020,M04,1,24.0,0.0
234,1,1008,M02,2,45.0,4.5
235,1,1008,M02,1,45.0,0.0
236,1,1047,M10,2,45.0,4.5
237,1,1043,M09,2,59.9,0.0
237,2,1044,M09,1,189.0,0.0
237,3,1041,M09,1,59.9,0.0
238,1,1010,M02,1,45.0,2.25
239,1,1019,M04,1,18.5,0.0
239,2,1016,M04,1,189.0,0.0
240,1,1004,M01,1,45.0,0.0
241,1,1017,M04,1,12.9,1.29
242,1,1054,M11,2,129.0,0.0
243,1,1035,M07,2,59.9,0.0
243,2,1032,M07,1,59.9,0.0
243,3,1034,M07,1,12.9,0.0
244,1,1052,M11,2,45.0,0.0
244,2,1055,M11,2,129.0,0.0
245,1,1048,M10,1,59.9,3.0
245,2,1047,M10,1,45.0,0.0
246,1,1055,M11,1,129.0,0.0
246,2,1054,M11,1,129.0,0.0
247,1,1004,M01,2,45.0,0.0
247,2,1002,M01,2,129.0,0.0
248,1,1004,M01,1,45.0,2.25
249,1,1047,M10,1,45.0,2.25
250,1,1009,M02,1,12.9,0.0
251,1,1033,M07,1,45.0,0.0
252,1,1019,M04,2,18.5,0.0
253,1,1010,M02,2,45.0,0.0
253,2,1006,M02,1,189.0,0.0
254,1,1002,M01,1,129.0,6.45
254,2,1003,M01,1,189.0,0.0
255,1,1004,M01,1,45.0,0.0
255,2,1003,M01,1,189.0,0.0
256,1,1025,M05,2,79.0,7.9
257,1,1020,M04,1,24.0,0.0
257,2,1017,M04,1,12.9,0.0
258,1,1021,M05,2,24.0,0.0
259,1,1045,M09,2,79.0,7.9
260,1,1009,M02,1,12.9,0.0
261,1,1048,M10,1,59.9,0.0
262,1,1047,M10,1,45.0,2.25
262,2,1050,M10,1,18.5,0.0
263,1,1035,M07,1,59.9,3.0
264,1,1032,M07,1,59.9,0.0
265,1,1035,M07,1,59.9,0.0
266,1,1035,M07,1,59.9,0.0
267,1,1035,M07,1,59.9,0.0
268,1,1033,M07,3,45.0,0.0
268,2,1035,M07,1,59.9,5.99
269,1,1034,M07,3,12.9,3.87
269,2,1031,M07,1,79.0,0.0
269,3,1032,M07,1,59.9,0.0
270,1,1003,M01,2,189.0,0.0
271,1,1039,M08,1,12.9,0.0
272,1,1045,M09,1,79.0,3.95
272,2,1044,M09,1,189.0,0.0
272,3,1041,M09,1,59.9,3.0
273,1,1034,M07,1,12.9,0.0
274,1,1010,M02,1,45.0,0.0
275,1,1020,M04,2,24.0,0.0
276,1,1033,M07,1,45.0,0.0
277,1,1059,M12,1,24.0,2.4
278,1,1017,M04,1,12.9,0.0
278,2,1019,M04,3,18.5,0.0
279,1,1018,M04,1,59.9,0.0
280,1,1052,M11,2,45.0,0.0
281,1,1007,M02,1,32.9,1.65
282,1,1052,M11,1,45.0,4.5
283,1,1017,M04,1,12.9,0.0
284,1,1013,M03,2,79.0,0.0
284,2,1015,M03,1,189.0,0.0
285,1,1010,M02,1,45.0,0.0
286,1,1035,M07,1,59.9,0.0
287,1,1007,M02,2,32.9,6.58
287,2,1006,M02,1,189.0,0.0
288,1,1052,M11,3,45.0,0.0
289,1,1059,M12,1,24.0,1.2
290,1,1032,M07,2,59.9,11.98
291,1,1046,M10,1,45.0,0.0
292,1,1015,M03,1,189.0,0.0
292,2,1011,M03,1,24.0,0.0
293,1,1033,M07,1,45.0,0.0
293,2,1032,M07,2,59.9,0.0
294,1,1022,M05,1,79.0,0.0
294,2,1024,M05,1,45.0,2.25
295,1,1002,M01,1,129.0,6.45
295,2,1005,M01,1,24.0,0.0
295,3,1001,M01,2,32.9,3.29
296,1,1016,M04,1,189.0,0.0
296,2,1018,M04,1,59.9,0.0
297,1,1034,M07,1,12.9,1.29
298,1,1007,M02,3,32.9,0.0
298,2,1008,M02,2,45.0,0.0
299,1,1043,M09,2,59.9,0.0
300,1,1037,M08,1,18.5,0.0
300,2,1036,M08,2,79.0,0.0
301,1,1039,M08,1,12.9,0.65
302,1,1059,M12,3,24.0,0.0
302,2,1057,M12,1,24.0,0.0
302,3,1060,M12,1,129.0,12.9
303,1,1019,M04,1,18.5,0.93
303,2,1016,M04,1,189.0,9.45
304,1,1041,M09,1,59.9,0.0
304,2,1043,M09,3,59.9,0.0
305,1,1034,M07,1,12.9,0.65
306,1,1004,M01,1,45.0,0.0
307,1,1034,M07,1,12.9,1.29
308,1,1041,M09,1,59.9,0.0
308,2,1042,M09,1,45.0,0.0
308,3,1043,M09,1,59.9,0.0
309,1,1015,M03,2,189.0,0.0
310,1,1037,M08,1,18.5,0.0
310,2,1038,M08,2,45.0,0.0
310,3,1039,M08,1,12.9,0.0
311,1,1038,M08,1,45.0,0.0
312,1,1053,M11,3,24.0,0.0
312,2,1051,M11,1,18.5,0.0
313,1,1035,M07,2,59.9,5.99
314,1,1008,M02,2,45.0,9.0
315,1,1019,M04,1,18.5,0.0
316,1,1045,M09,1,79.0,0.0
317,1,1022,M05,1,79.0,0.0
318,1,1001,M01,1,32.9,3.29
319,1,1033,M07,1,45.0,2.25
320,1,1055,M11,1,129.0,0.0
321,1,1048,M10,2,59.9,0.0
322,1,1007,M02,1,32.9,1.65
323,1,1042,M09,1,45.0,0.0
323,2,1045,M09,1,79.0,3.95
324,1,1009,M02,1,12.9,0.0
324,2,1007,M02,1,32.9,0.0
325,1,1019,M04,1,18.5,0.93
325,2,1017,M04,1,12.9,0.0
326,1,1013,M03,1,79.0,3.95
327,1,1022,M05,1,79.0,0.0
328,1,1022,M05,1,79.0,0.0
329,1,1016,M04,1,189.0,9.45
330,1,1013,M03,1,79.0,0.0
330,2,1011,M03,3,24.0,3.6
330,3,1015,M03,2,189.0,0.0
331,1,1009,M02,1,12.9,0.0
331,2,1007,M02,1,32.9,0.0
332,1,1018,M04,1,59.9,0.0
332,2,1020,M04,2,24.0,0.0
333,1,1034,M07,1,12.9,0.0
333,2,1031,M07,1,79.0,0.0
333,3,1035,M07,3,59.9,17.97
334,1,1008,M02,1,45.0,0.0
335,1,1019,M04,1,18.5,0.0
335,2,1016,M04,2,189.0,0.0
336,1,1025,M05,1,79.0,0.0
337,1,1046,M10,1,45.0,0.0
338,1,1049,M10,1,32.9,0.0
338,2,1047,M10,2,45.0,4.5
339,1,1058,M12,1,18.5,0.0
340,1,1006,M02,1,189.0,0.0
341,1,1058,M12,1,18.5,0.93
341,2,1057,M12,2,24.0,2.4
342,1,1056,M12,2,79.0,0.0
342,2,1059,M12,1,24.0,0.0
343,1,1059,M12,1,24.0,0.0
344,1,1005,M01,2,24.0,0.0
345,1,1023,M05,1,79.0,0.0
346,1,1032,M07,1,59.9,0.0
347,1,1034,M07,2,12.9,2.58
347,2,1033,M07,1,45.0,0.0
348,1,1031,M07,1,79.0,0.0
348,2,1034,M07,2,12.9,0.0
349,1,1023,M05,1,79.0,0.0
350,1,1003,M01,1,189.0,0.0
351,1,1013,M03,1,79.0,3.95
352,1,1020,M04,1,24.0,0.0
352,2,1017,M04,1,12.9,0.65
352,3,1019,M04,1,18.5,0.93
353,1,1054,M11,1,129.0,0.0
354,1,1010,M02,1,45.0,0.0
355,1,1047,M10,1,45.0,0.0
355,2,1048,M10,1,59.9,0.0
356,1,1060,M12,2,129.0,0.0
356,2,1057,M12,2,24.0,0.0
357,1,1020,M04,1,24.0,0.0
358,1,1043,M09,1,59.9,0.0
358,2,1042,M09,2,45.0,4.5
358,3,1045,M09,1,79.0,0.0
359,1,1023,M05,1,79.0,3.95
359,2,1022,M05,1,79.0,0.0
359,3,1021,M05,2,24.0,4.8
360,1,1033,M07,1,45.0,0.0
361,1,1010,M02,3,45.0,0.0
361,2,1007,M02,1,32.9,0.0
362,1,1017,M04,1,12.9,0.0
363,1,1021,M05,2,24.0,2.4
364,1,1018,M04,2,59.9,5.99
365,1,1046,M10,2,45.0,0.0
366,1,1049,M10,1,32.9,0.0
367,1,1054,M11,2,129.0,0.0
367,2,1055,M11,1,129.0,6.45
368,1,1021,M05,1,24.0,0.0
369,1,1005,M01,3,24.0,7.2
370,1,1031,M07,2,79.0,0.0
371,1,1031,M07,1,79.0,3.95
372,1,1060,M12,1,129.0,0.0
373,1,1048,M10,2,59.9,0.0
374,1,1051,M11,3,18.5,0.0
374,2,1054,M11,2,129.0,0.0
375,1,1018,M04,3,59.9,0.0
375,2,1016,M04,2,189.0,0.0
376,1,1017,M04,1,12.9,1.29
377,1,1031,M07,1,79.0,0.0
378,1,1009,M02,1,12.9,1.29
379,1,1005,M01,1,24.0,1.2
380,1,1057,M12,1,24.0,0.0
380,2,1059,M12,2,24.0,0.0
380,3,1058,M12,1,18.5,0.0
381,1,1013,M03,1,79.0,0.0
382,1,1044,M09,1,189.0,0.0
382,2,1041,M09,1,59.9,3.0
383,1,1051,M11,1,18.5,0.0
384,1,1041,M09,1,59.9,0.0
384,2,1042,M09,1,45.0,0.0
384,3,1044,M09,1,189.0,0.0
385,1,1005,M01,2,24.0,0.0
386,1,1039,M08,1,12.9,0.0
387,1,1047,M10,1,45.0,0.0
387,2,1046,M10,1,45.0,0.0
388,1,1009,M02,1,12.9,0.65
388,2,1008,M02,1,45.0,0.0
389,1,1054,M11,1,129.0,6.45
389,2,1055,M11,1,129.0,6.45
390,1,1002,M01,1,129.0,0.0
391,1,1005,M01,1,24.0,1.2
391,2,1002,M01,1,129.0,0.0
392,1,1014,M03,1,18.5,0.0
392,2,1012,M03,1,24.0,0.0
392,3,1015,M03,1,189.0,18.9
393,1,1044,M09,1,189.0,0.0
394,1,1033,M07,1,45.0,0.0
395,1,1052,M11,1,45.0,0.0
395,2,1055,M11,2,129.0,25.8
396,1,1009,M02,1,12.9,1.29
397,1,1002,M01,1,129.0,6.45
397,2,1005,M01,2,24.0,0.0
398,1,1040,M08,1,32.9,3.29
399,1,1044,M09,1,189.0,0.0
400,1,1030,M06,2,45.0,4.5
401,1,1021,M05,1,24.0,0.0
401,2,1025,M05,2,79.0,0.0
402,1,1052,M11,1,45.0,0.0
402,2,1053,M11,1,24.0,1.2
403,1,1022,M05,3,79.0,11.85
404,1,1023,M05,1,79.0,0.0
404,2,1025,M05,1,79.0,7.9
405,1,1004,M01,1,45.0,0.0
406,1,1031,M07,1,79.0,0.0
407,1,1050,M10,1,18.5,0.93
407,2,1048,M10,2,59.9,5.99
407,3,1047,M10,3,45.0,0.0
408,1,1018,M04,2,59.9,0.0
409,1,1033,M07,1,45.0,2.25
410,1,1020,M04,2,24.0,2.4
410,2,1019,M04,1,18.5,0.0
411,1,1034,M07,2,12.9,1.29
412,1,1025,M05,1,79.0,0.0
412,2,1021,M05,1,24.0,0.0
413,1,1001,M01,1,32.9,3.29
414,1,1054,M11,3,129.0,0.0
415,1,1032,M07,2,59.9,0.0
416,1,1035,M07,1,59.9,0.0
417,1,1022,M05,2,79.0,0.0
418,1,1027,M06,1,59.9,0.0
419,1,1054,M11,1,129.0,0.0
420,1,1006,M02,1,189.0,0.0
421,1,1041,M09,1,59.9,5.99
421,2,1044,M09,1,189.0,9.45
422,1,1041,M09,1,59.9,0.0
422,2,1042,M09,1,45.0,0.0
423,1,1018,M04,1,59.9,0.0
423,2,1019,M04,3,18.5,0.0
424,1,1030,M06,1,45.0,0.0
424,2,1027,M06,1,59.9,0.0
425,1,1044,M09,1,189.0,18.9
426,1,1026,M06,1,32.9,0.0
427,1,1035,M07,1,59.9,0.0
428,1,1038,M08,2,45.0,0.0
429,1,1001,M01,1,32.9,0.0
430,1,1044,M09,1,189.0,9.45
431,1,1012,M03,1,24.0,0.0
432,1,1001,M01,2,32.9,0.0
433,1,1001,M01,3,32.9,0.0
433,2,1004,M01,2,45.0,0.0
433,3,1002,M01,1,129.0,6.45
434,1,1005,M01,1,24.0,0.0
435,1,1033,M07,1,45.0,0.0
436,1,1055,M11,1,129.0,0.0
437,1,1034,M07,1,12.9,0.0
437,2,1032,M07,3,59.9,0.0
437,3,1035,M07,1,59.9,3.0
438,1,1024,M05,1,45.0,4.5
439,1,1020,M04,1,24.0,0.0
440,1,1053,M11,1,24.0,1.2
440,2,1054,M11,1,129.0,0.0
441,1,1046,M10,1,45.0,0.0
441,2,1050,M10,2,18.5,1.85
442,1,1004,M01,1,45.0,0.0
443,1,1018,M04,1,59.9,3.0
443,2,1017,M04,2,12.9,0.0
444,1,1006,M02,1,189.0,0.0
445,1,1002,M01,1,129.0,0.0
446,1,1036,M08,2,79.0,7.9
447,1,1038,M08,1,45.0,2.25
448,1,1035,M07,1,59.9,0.0
449,1,1030,M06,2,45.0,0.0
449,2,1026,M06,1,32.9,0.0
450,1,1034,M07,1,12.9,0.0
450,2,1031,M07,1,79.0,3.95
451,1,1035,M07,1,59.9,0.0
452,1,1016,M04,1,189.0,0.0
453,1,1018,M04,2,59.9,0.0
453,2,1017,M04,1,12.9,0.0
453,3,1019,M04,2,18.5,3.7
454,1,1051,M11,1,18.5,0.0
455,1,1026,M06,2,32.9,0.0
456,1,1003,M01,1,189.0,0.0
457,1,1031,M07,1,79.0,3.95
458,1,1004,M01,2,45.0,0.0
459,1,1034,M07,1,12.9,1.29
460,1,1044,M09,1,189.0,18.9
461,1,1001,M01,1,32.9,0.0
462,1,1053,M11,1,24.0,0.0
462,2,1051,M11,1,18.5,0.93
462,3,1054,M11,1,129.0,12.9
463,1,1008,M02,1,45.0,0.0
463,2,1010,M02,1,45.0,0.0
464,1,1024,M05,1,45.0,0.0
464,2,1025,M05,1,79.0,3.95
464,3,1021,M05,1,24.0,0.0
465,1,1034,M07,1,12.9,0.0
465,2,1033,M07,1,45.0,2.25
465,3,1035,M07,1,59.9,0.0
466,1,1035,M07,1,59.9,3.0
467,1,1019,M04,1,18.5,1.85
468,1,1054,M11,2,129.0,0.0
468,2,1055,M11,1,129.0,0.0
469,1,1042,M09,1,45.0,0.0
469,2,1045,M09,1,79.0,0.0
470,1,1034,M07,3,12.9,3.87
471,1,1013,M03,1,79.0,0.0
472,1,1060,M12,1,129.0,0.0
472,2,1058,M12,1,18.5,1.85
473,1,1001,M01,1,32.9,0.0
474,1,1036,M08,1,79.0,3.95
475,1,1041,M09,1,59.9,0.0
476,1,1008,M02,1,45.0,0.0
477,1,1045,M09,1,79.0,0.0
478,1,1019,M04,1,18.5,0.0
479,1,1025,M05,1,79.0,0.0
479,2,1023,M05,1,79.0,0.0
480,1,1002,M01,1,129.0,0.0
480,2,1005,M01,1,24.0,0.0
480,3,1003,M01,1,189.0,0.0
481,1,1016,M04,1,189.0,0.0
482,1,1053,M11,1,24.0,0.0
482,2,1055,M11,1,129.0,0.0
483,1,1055,M11,1,129.0,0.0
483,2,1052,M11,1,45.0,0.0
484,1,1002,M01,1,129.0,0.0
485,1,1050,M10,1,18.5,0.93
485,2,1046,M10,1,45.0,0.0
486,1,1046,M10,3,45.0,0.0
487,1,1035,M07,1,59.9,0.0
488,1,1019,M04,2,18.5,0.0
489,1,1055,M11,1,129.0,0.0
490,1,1040,M08,1,32.9,0.0
491,1,1046,M10,1,45.0,4.5
492,1,1012,M03,2,24.0,2.4
493,1,1010,M02,1,45.0,0.0
494,1,1052,M11,1,45.0,0.0
494,2,1051,M11,1,18.5,0.0
494,3,1054,M11,1,129.0,6.45
495,1,1025,M05,2,79.0,0.0
496,1,1032,M07,1,59.9,3.0
497,1,1014,M03,1,18.5,0.0
498,1,1002,M01,2,129.0,0.0
499,1,1013,M03,1,79.0,0.0
500,1,1025,M05,2,79.0,0.0
500,2,1022,M05,1,79.0,0.0
501,1,1008,M02,2,45.0,0.0
501,2,1007,M02,2,32.9,0.0
502,1,1057,M12,2,24.0,4.8
503,1,1059,M12,1,24.0,0.0
504,1,1040,M08,1,32.9,0.0
505,1,1015,M03,1,189.0,0.0
506,1,1009,M02,1,12.9,0.0
507,1,1004,M01,2,45.0,0.0
508,1,1031,M07,3,79.0,11.85
509,1,1032,M07,2,59.9,5.99
509,2,1035,M07,1,59.9,0.0
509,3,1031,M07,1,79.0,3.95
510,1,1018,M04,1,59.9,0.0
511,1,1044,M09,1,189.0,0.0
512,1,1003,M01,2,189.0,0.0
512,2,1001,M01,1,32.9,0.0
512,3,1005,M01,1,24.0,0.0
513,1,1009,M02,1,12.9,0.0
513,2,1008,M02,1,45.0,0.0
513,3,1007,M02,1,32.9,0.0
514,1,1035,M07,1,59.9,0.0
515,1,1005,M01,1,24.0,0.0
516,1,1037,M08,2,18.5,0.0
517,1,1032,M07,1,59.9,0.0
518,1,1020,M04,1,24.0,0.0
519,1,1003,M01,1,189.0,0.0
520,1,1043,M09,1,59.9,0.0
521,1,1023,M05,1,79.0,3.95
521,2,1022,M05,1,79.0,0.0
522,1,1057,M12,1,24.0,2.4
523,1,1015,M03,1,189.0,0.0
523,2,1011,M03,1,24.0,0.0
524,1,1048,M10,1,59.9,0.0
525,1,1042,M09,2,45.0,9.0
525,2,1041,M09,1,59.9,0.0
526,1,1023,M05,2,79.0,15.8
526,2,1025,M05,1,79.0,0.0
527,1,1034,M07,1,12.9,1.29
528,1,1015,M03,1,189.0,0.0
529,1,1033,M07,3,45.0,13.5
529,2,1031,M07,1,79.0,0.0
529,3,1032,M07,1,59.9,3.0
530,1,1003,M01,1,189.0,18.9
531,1,1043,M09,1,59.9,0.0
531,2,1042,M09,1,45.0,0.0
532,1,1014,M03,1,18.5,0.0
532,2,1015,M03,1,189.0,0.0
533,1,1018,M04,2,59.9,5.99
533,2,1016,M04,1,189.0,18.9
534,1,1041,M09,3,59.9,0.0
535,1,1041,M09,2,59.9,0.0
535,2,1043,M09,1,59.9,5.99
536,1,1004,M01,2,45.0,0.0
537,1,1051,M11,1,18.5,1.85
537,2,1054,M11,1,129.0,0.0
538,1,1026,M06,2,32.9,0.0
539,1,1032,M07,3,59.9,8.99
539,2,1034,M07,1,12.9,0.0
539,3,1035,M07,1,59.9,0.0
540,1,1048,M10,1,59.9,5.99
540,2,1047,M10,2,45.0,0.0
540,3,1049,M10,1,32.9,0.0
541,1,1032,M07,3,59.9,0.0
542,1,1041,M09,1,59.9,5.99
543,1,1001,M01,1,32.9,0.0
543,2,1003,M01,2,189.0,0.0
544,1,1053,M11,2,24.0,4.8
545,1,1001,M01,1,32.9,0.0
546,1,1024,M05,1,45.0,2.25
547,1,1032,M07,1,59.9,0.0
547,2,1031,M07,1,79.0,3.95
548,1,1028,M06,1,32.9,1.65
548,2,1026,M06,1,32.9,1.65
549,1,1013,M03,1,79.0,0.0
550,1,1004,M01,1,45.0,0.0
551,1,1035,M07,1,59.9,0.0
551,2,1032,M07,1,59.9,0.0
551,3,1034,M07,1,12.9,0.0
552,1,1009,M02,2,12.9,0.0
553,1,1019,M04,1,18.5,1.85
553,2,1016,M04,1,189.0,0.0
553,3,1018,M04,1,59.9,3.0
554,1,1045,M09,3,79.0,0.0
555,1,1052,M11,1,45.0,0.0
556,1,1034,M07,1,12.9,1.29
557,1,1048,M10,1,59.9,0.0
557,2,1047,M10,1,45.0,0.0
558,1,1054,M11,2,129.0,0.0
559,1,1019,M04,1,18.5,0.0
560,1,1011,M03,1,24.0,0.0
560,2,1015,M03,2,189.0,0.0
561,1,1050,M10,1,18.5,0.0
562,1,1028,M06,1,32.9,0.0
562,2,1027,M06,1,59.9,0.0
563,1,1052,M11,1,45.0,0.0
564,1,1026,M06,1,32.9,3.29
565,1,1031,M07,1,79.0,0.0
566,1,1033,M07,1,45.0,0.0
567,1,1007,M02,3,32.9,0.0
568,1,1056,M12,1,79.0,0.0
568,2,1060,M12,1,129.0,0.0
568,3,1058,M12,1,18.5,0.0
569,1,1012,M03,2,24.0,0.0
570,1,1035,M07,1,59.9,3.0
570,2,1032,M07,3,59.9,17.97
571,1,1046,M10,2,45.0,0.0
571,2,1048,M10,1,59.9,0.0
572,1,1035,M07,1,59.9,3.0
572,2,1031,M07,1,79.0,3.95
573,1,1009,M02,3,12.9,0.0
574,1,1018,M04,2,59.9,0.0
575,1,1030,M06,2,45.0,0.0
576,1,1059,M12,1,24.0,2.4
577,1,1039,M08,1,12.9,0.0
578,1,1028,M06,2,32.9,0.0
579,1,1036,M08,2,79.0,7.9
579,2,1037,M08,1,18.5,0.0
579,3,1040,M08,2,32.9,0.0
580,1,1009,M02,1,12.9,0.65
581,1,1057,M12,2,24.0,0.0
582,1,1031,M07,1,79.0,0.0
583,1,1005,M01,1,24.0,0.0
584,1,1013,M03,1,79.0,3.95
585,1,1036,M08,1,79.0,3.95
585,2,1037,M08,2,18.5,0.0
586,1,1040,M08,1,32.9,3.29
586,2,1038,M08,1,45.0,2.25
587,1,1051,M11,1,18.5,1.85
588,1,1031,M07,1,79.0,0.0
589,1,1001,M01,1,32.9,0.0
590,1,1030,M06,2,45.0,0.0
591,1,1055,M11,3,129.0,19.35
591,2,1053,M11,1,24.0,0.0
592,1,1005,M01,1,24.0,0.0
593,1,1006,M02,1,189.0,0.0
593,2,1007,M02,2,32.9,6.58
594,1,1009,M02,2,12.9,0.0
595,1,1057,M12,2,24.0,0.0
596,1,1032,M07,1,59.9,3.0
597,1,1046,M10,3,45.0,13.5
598,1,1010,M02,1,45.0,4.5
599,1,1034,M07,1,12.9,0.0
600,1,1047,M10,1,45.0,0.0
601,1,1033,M07,2,45.0,0.0
602,1,1022,M05,2,79.0,0.0
602,2,1021,M05,1,24.0,0.0
603,1,1037,M08,1,18.5,1.85
604,1,1017,M04,1,12.9,0.65
605,1,1005,M01,1,24.0,0.0
606,1,1038,M08,2,45.0,4.5
607,1,1051,M11,1,18.5,0.93
607,2,1053,M11,1,24.0,0.0
608,1,1033,M07,1,45.0,0.0
608,2,1035,M07,1,59.9,5.99
609,1,1028,M06,2,32.9,0.0
609,2,1027,M06,2,59.9,0.0
609,3,1026,M06,1,32.9,0.0
610,1,1006,M02,1,189.0,18.9
611,1,1032,M07,2,59.9,0.0
612,1,1027,M06,1,59.9,0.0
613,1,1056,M12,1,79.0,0.0
614,1,1049,M10,2,32.9,0.0
615,1,1021,M05,2,24.0,0.0
616,1,1007,M02,2,32.9,3.29
616,2,1008,M02,2,45.0,0.0
617,1,1005,M01,1,24.0,0.0
617,2,1004,M01,1,45.0,0.0
618,1,1002,M01,1,129.0,0.0
619,1,1008,M02,1,45.0,4.5
620,1,1044,M09,2,189.0,0.0
621,1,1037,M08,1,18.5,1.85
621,2,1038,M08,1,45.0,0.0
622,1,1035,M07,1,59.9,3.0
623,1,1016,M04,2,189.0,0.0
624,1,1045,M09,1,79.0,7.9
625,1,1049,M10,2,32.9,3.29
626,1,1016,M04,1,189.0,9.45
627,1,1011,M03,1,24.0,2.4
628,1,1001,M01,2,32.9,3.29
629,1,1060,M12,3,129.0,38.7
629,2,1057,M12,1,24.0,1.2
630,1,1014,M03,2,18.5,0.0
631,1,1032,M07,1,59.9,0.0
632,1,1005,M01,1,24.0,0.0
633,1,1060,M12,1,129.0,12.9
633,2,1058,M12,2,18.5,0.0
634,1,1005,M01,1,24.0,0.0
635,1,1052,M11,3,45.0,13.5
636,1,1031,M07,1,79.0,0.0
637,1,1022,M05,1,79.0,3.95
638,1,1011,M03,1,24.0,0.0
639,1,1047,M10,1,45.0,0.0
639,2,1049,M10,1,32.9,0.0
640,1,1034,M07,1,12.9,0.65
641,1,1035,M07,1,59.9,5.99
642,1,1010,M02,1,45.0,2.25
643,1,1007,M02,1,32.9,1.65
643,2,1009,M02,2,12.9,0.0
644,1,1021,M05,1,24.0,2.4
644,2,1024,M05,2,45.0,0.0
645,1,1004,M01,1,45.0,0.0
646,1,1046,M10,1,45.0,0.0
647,1,1031,M07,1,79.0,3.95
647,2,1034,M07,1,12.9,1.29
648,1,1012,M03,3,24.0,0.0
649,1,1023,M05,3,79.0,23.7
649,2,1025,M05,1,79.0,0.0
650,1,1018,M04,1,59.9,0.0
651,1,1023,M05,1,79.0,3.95
652,1,1014,M03,1,18.5,0.0
652,2,1015,M03,2,189.0,0.0
653,1,1004,M01,2,45.0,9.0
653,2,1001,M01,1,32.9,0.0
654,1,1031,M07,1,79.0,0.0
654,2,1035,M07,1,59.9,0.0
655,1,1008,M02,1,45.0,4.5
656,1,1022,M05,1,79.0,0.0
657,1,1017,M04,1,12.9,0.65
657,2,1020,M04,1,24.0,0.0
657,3,1016,M04,2,189.0,0.0
658,1,1014,M03,1,18.5,1.85
658,2,1015,M03,1,189.0,18.9
659,1,1057,M12,1,24.0,0.0
659,2,1060,M12,1,129.0,12.9
660,1,1002,M01,2,129.0,0.0
660,2,1003,M01,1,189.0,9.45
661,1,1001,M01,1,32.9,0.0
662,1,1027,M06,1,59.9,0.0
663,1,1014,M03,2,18.5,0.0
664,1,1034,M07,1,12.9,1.29
664,2,1033,M07,1,45.0,0.0
665,1,1060,M12,1,129.0,0.0
665,2,1058,M12,1,18.5,0.0
666,1,1016,M04,1,189.0,0.0
667,1,1019,M04,2,18.5,0.0
667,2,1017,M04,1,12.9,0.0
667,3,1020,M04,3,24.0,0.0
668,1,1032,M07,1,59.9,0.0
669,1,1018,M04,2,59.9,5.99
670,1,1052,M11,1,45.0,0.0
671,1,1003,M01,1,189.0,0.0
672,1,1002,M01,1,129.0,0.0
672,2,1004,M01,1,45.0,0.0
673,1,1013,M03,1,79.0,0.0
674,1,1007,M02,1,32.9,0.0
674,2,1010,M02,1,45.0,0.0
675,1,1050,M10,2,18.5,1.85
676,1,1004,M01,2,45.0,4.5
676,2,1005,M01,1,24.0,0.0
677,1,1034,M07,1,12.9,0.65
678,1,1009,M02,1,12.9,0.0
679,1,1021,M05,1,24.0,0.0
680,1,1002,M01,1,129.0,6.45
680,2,1005,M01,2,24.0,4.8
680,3,1003,M01,2,189.0,0.0
681,1,1053,M11,1,24.0,0.0
682,1,1006,M02,3,189.0,0.0
683,1,1054,M11,1,129.0,0.0
683,2,1051,M11,1,18.5,0.0
683,3,1052,M11,1,45.0,0.0
684,1,1009,M02,1,12.9,0.0
684,2,1008,M02,1,45.0,0.0
684,3,1006,M02,1,189.0,0.0
685,1,1045,M09,2,79.0,0.0
686,1,1016,M04,2,189.0,0.0
687,1,1052,M11,1,45.0,0.0
688,1,1040,M08,1,32.9,0.0
689,1,1034,M07,1,12.9,0.0
689,2,1032,M07,1,59.9,0.0
690,1,1031,M07,1,79.0,0.0
690,2,1035,M07,1,59.9,5.99
691,1,1034,M07,1,12.9,0.65
692,1,1008,M02,1,45.0,2.25
693,1,1050,M10,2,18.5,0.0
694,1,1060,M12,1,129.0,0.0
695,1,1049,M10,1,32.9,0.0
695,2,1047,M10,1,45.0,0.0
696,1,1036,M08,3,79.0,11.85
696,2,1039,M08,1,12.9,0.65
697,1,1032,M07,1,59.9,3.0
698,1,1022,M05,1,79.0,0.0
699,1,1045,M09,3,79.0,0.0
700,1,1031,M07,1,79.0,3.95
700,2,1034,M07,1,12.9,0.0
701,1,1011,M03,1,24.0,2.4
701,2,1013,M03,2,79.0,0.0
702,1,1021,M05,1,24.0,0.0
702,2,1025,M05,2,79.0,15.8
703,1,1019,M04,2,18.5,0.0
704,1,1013,M03,2,79.0,0.0
704,2,1014,M03,1,18.5,0.93
705,1,1005,M01,1,24.0,1.2
705,2,1001,M01,1,32.9,3.29
706,1,1035,M07,1,59.9,3.0
707,1,1005,M01,1,24.0,0.0
707,2,1001,M01,1,32.9,0.0
707,3,1002,M01,1,129.0,6.45
708,1,1011,M03,1,24.0,0.0
709,1,1044,M09,1,189.0,0.0
710,1,1054,M11,1,129.0,0.0
710,2,1051,M11,1,18.5,0.0
711,1,1023,M05,2,79.0,0.0
711,2,1022,M05,1,79.0,7.9
711,3,1021,M05,1,24.0,0.0
712,1,1016,M04,1,189.0,0.0
713,1,1020,M04,2,24.0,0.0
714,1,1019,M04,1,18.5,0.0
715,1,1014,M03,1,18.5,0.0
716,1,1037,M08,1,18.5,0.0
717,1,1032,M07,1,59.9,0.0
718,1,1034,M07,1,12.9,0.0
719,1,1056,M12,1,79.0,0.0
719,2,1057,M12,1,24.0,0.0
719,3,1058,M12,1,18.5,1.85
720,1,1028,M06,2,32.9,3.29
721,1,1033,M07,3,45.0,0.0
722,1,1053,M11,2,24.0,0.0
722,2,1052,M11,2,45.0,4.5
722,3,1055,M11,3,129.0,38.7
723,1,1004,M01,1,45.0,0.0
723,2,1005,M01,1,24.0,0.0
724,1,1052,M11,1,45.0,2.25
725,1,1005,M01,1,24.0,0.0
726,1,1015,M03,3,189.0,0.0
727,1,1013,M03,2,79.0,15.8
727,2,1014,M03,3,18.5,0.0
728,1,1012,M03,1,24.0,0.0
729,1,1033,M07,1,45.0,0.0
730,1,1038,M08,1,45.0,0.0
731,1,1031,M07,1,79.0,3.95
732,1,1008,M02,3,45.0,0.0
733,1,1051,M11,1,18.5,0.0
734,1,1060,M12,1,129.0,0.0
734,2,1059,M12,1,24.0,1.2
735,1,1011,M03,1,24.0,0.0
736,1,1011,M03,1,24.0,0.0
737,1,1053,M11,1,24.0,0.0
738,1,1034,M07,1,12.9,0.0
739,1,1052,M11,1,45.0,4.5
739,2,1055,M11,2,129.0,25.8
739,3,1053,M11,1,24.0,1.2
740,1,1038,M08,1,45.0,4.5
740,2,1040,M08,3,32.9,4.94
740,3,1037,M08,1,18.5,0.0
741,1,1042,M09,1,45.0,0.0
741,2,1043,M09,1,59.9,0.0
742,1,1055,M11,3,129.0,0.0
742,2,1052,M11,1,45.0,2.25
743,1,1016,M04,2,189.0,18.9
744,1,1002,M01,1,129.0,0.0
744,2,1001,M01,1,32.9,3.29
745,1,1051,M11,3,18.5,5.55
745,2,1055,M11,1,129.0,0.0
745,3,1054,M11,1,129.0,0.0
746,1,1039,M08,1,12.9,0.65
747,1,1034,M07,1,12.9,0.65
748,1,1032,M07,1,59.9,0.0
749,1,1008,M02,1,45.0,0.0
750,1,1004,M01,1,45.0,2.25
750,2,1005,M01,2,24.0,0.0
750,3,1003,M01,1,189.0,9.45
751,1,1054,M11,1,129.0,6.45
752,1,1015,M03,1,189.0,0.0
753,1,1028,M06,1,32.9,1.65
754,1,1027,M06,1,59.9,3.0
754,2,1026,M06,1,32.9,0.0
755,1,1008,M02,2,45.0,4.5
756,1,1043,M09,1,59.9,3.0
757,1,1005,M01,1,24.0,0.0
757,2,1003,M01,1,189.0,9.45
758,1,1032,M07,1,59.9,5.99
759,1,1060,M12,3,129.0,0.0
759,2,1056,M12,2,79.0,0.0
759,3,1059,M12,1,24.0,1.2
760,1,1023,M05,2,79.0,7.9
761,1,1014,M03,2,18.5,0.0
762,1,1052,M11,1,45.0,0.0
763,1,1048,M10,1,59.9,0.0
763,2,1047,M10,2,45.0,9.0
764,1,1008,M02,1,45.0,4.5
764,2,1010,M02,1,45.0,0.0
764,3,1006,M02,1,189.0,0.0
765,1,1017,M04,1,12.9,0.65
766,1,1006,M02,1,189.0,0.0
767,1,1007,M02,1,32.9,0.0
768,1,1037,M08,1,18.5,0.93
769,1,1055,M11,1,129.0,6.45
770,1,1020,M04,3,24.0,0.0
771,1,1053,M11,1,24.0,1.2
771,2,1055,M11,1,129.0,0.0
772,1,1052,M11,1,45.0,0.0
773,1,1039,M08,1,12.9,0.0
774,1,1031,M07,1,79.0,3.95
775,1,1002,M01,1,129.0,6.45
776,1,1031,M07,3,79.0,0.0
777,1,1033,M07,1,45.0,2.25
778,1,1019,M04,1,18.5,0.0
779,1,1008,M02,1,45.0,0.0
780,1,1024,M05,1,45.0,0.0
781,1,1046,M10,1,45.0,0.0
782,1,1034,M07,1,12.9,0.0
782,2,1035,M07,1,59.9,0.0
783,1,1054,M11,3,129.0,0.0
784,1,1021,M05,2,24.0,4.8
785,1,1057,M12,3,24.0,0.0
786,1,1010,M02,1,45.0,0.0
787,1,1003,M01,2,189.0,18.9
787,2,1002,M01,1,129.0,0.0
788,1,1007,M02,1,32.9,1.65
789,1,1032,M07,3,59.9,0.0
790,1,1018,M04,1,59.9,0.0
790,2,1017,M04,1,12.9,0.0
791,1,1034,M07,1,12.9,0.65
791,2,1031,M07,2,79.0,0.0
792,1,1033,M07,2,45.0,0.0
793,1,1032,M07,2,59.9,0.0
793,2,1033,M07,1,45.0,0.0
793,3,1035,M07,1,59.9,0.0
794,1,1057,M12,2,24.0,0.0
794,2,1060,M12,3,129.0,0.0
795,1,1039,M08,1,12.9,0.0
795,2,1040,M08,1,32.9,0.0
796,1,1001,M01,1,32.9,3.29
797,1,1033,M07,2,45.0,0.0
798,1,1035,M07,1,59.9,3.0
799,1,1051,M11,1,18.5,0.0
800,1,1003,M01,1,189.0,0.0
800,2,1001,M01,2,32.9,0.0
800,3,1004,M01,2,45.0,4.5
801,1,1018,M04,2,59.9,0.0
802,1,1016,M04,3,189.0,0.0
803,1,1005,M01,1,24.0,0.0
804,1,1018,M04,1,59.9,0.0
805,1,1019,M04,1,18.5,0.0
805,2,1016,M04,3,189.0,0.0
806,1,1001,M01,1,32.9,0.0
806,2,1004,M01,1,45.0,0.0
806,3,1005,M01,1,24.0,0.0
807,1,1031,M07,1,79.0,3.95
807,2,1032,M07,1,59.9,0.0
807,3,1033,M07,1,45.0,0.0
808,1,1033,M07,2,45.0,0.0
809,1,1053,M11,3,24.0,0.0
809,2,1054,M11,1,129.0,0.0
810,1,1006,M02,1,189.0,0.0
811,1,1001,M01,1,32.9,0.0
811,2,1005,M01,1,24.0,0.0
811,3,1002,M01,3,129.0,0.0
812,1,1019,M04,1,18.5,0.0
812,2,1016,M04,1,189.0,0.0
812,3,1017,M04,2,12.9,0.0
813,1,1034,M07,1,12.9,0.0
814,1,1020,M04,2,24.0,0.0
815,1,1015,M03,1,189.0,0.0
815,2,1013,M03,1,79.0,0.0
816,1,1032,M07,1,59.9,5.99
817,1,1059,M12,1,24.0,0.0
817,2,1058,M12,2,18.5,0.0
817,3,1060,M12,1,129.0,0.0
818,1,1030,M06,1,45.0,0.0
818,2,1027,M06,1,59.9,0.0
819,1,1049,M10,3,32.9,0.0
819,2,1048,M10,1,59.9,0.0
820,1,1052,M11,1,45.0,0.0
821,1,1001,M01,1,32.9,0.0
821,2,1003,M01,1,189.0,0.0
822,1,1033,M07,2,45.0,0.0
823,1,1059,M12,1,24.0,0.0
824,1,1059,M12,1,24.0,0.0
824,2,1056,M12,1,79.0,0.0
824,3,1058,M12,1,18.5,0.0
825,1,1047,M10,1,45.0,0.0
826,1,1059,M12,1,24.0,0.0
827,1,1003,M01,1,189.0,0.0
828,1,1010,M02,3,45.0,0.0
829,1,1033,M07,2,45.0,0.0
829,2,1032,M07,1,59.9,3.0
830,1,1052,M11,1,45.0,0.0
830,2,1053,M11,1,24.0,0.0
831,1,1035,M07,1,59.9,0.0
831,2,1031,M07,3,79.0,0.0
832,1,1010,M02,2,45.0,0.0
833,1,1016,M04,1,189.0,18.9
834,1,1019,M04,1,18.5,1.85
834,2,1018,M04,1,59.9,0.0
835,1,1039,M08,1,12.9,0.0
836,1,1032,M07,1,59.9,0.0
836,2,1034,M07,1,12.9,1.29
837,1,1010,M02,1,45.0,0.0
838,1,1035,M07,2,59.9,0.0
839,1,1013,M03,1,79.0,0.0
840,1,1044,M09,1,189.0,0.0
841,1,1003,M01,1,189.0,9.45
841,2,1001,M01,1,32.9,0.0
842,1,1010,M02,1,45.0,0.0
843,1,1033,M07,1,45.0,2.25
843,2,1034,M07,1,12.9,0.0
844,1,1008,M02,1,45.0,0.0
844,2,1006,M02,1,189.0,0.0
844,3,1010,M02,1,45.0,0.0
845,1,1007,M02,1,32.9,3.29
845,2,1008,M02,1,45.0,0.0
846,1,1009,M02,1,12.9,0.0
847,1,1009,M02,2,12.9,2.58
847,2,1008,M02,1,45.0,4.5
848,1,1028,M06,1,32.9,3.29
849,1,1047,M10,2,45.0,0.0
850,1,1001,M01,1,32.9,0.0
851,1,1017,M04,1,12.9,0.0
852,1,1020,M04,1,24.0,0.0
853,1,1005,M01,1,24.0,0.0
853,2,1001,M01,1,32.9,0.0
853,3,1004,M01,1,45.0,0.0
854,1,1053,M11,1,24.0,0.0
854,2,1052,M11,1,45.0,0.0
855,1,1054,M11,3,129.0,0.0
856,1,1027,M06,1,59.9,0.0
857,1,1015,M03,2,189.0,18.9
858,1,1053,M11,1,24.0,1.2
859,1,1039,M08,1,12.9,0.0
859,2,1038,M08,1,45.0,0.0
860,1,1033,M07,1,45.0,2.25
861,1,1045,M09,1,79.0,0.0
862,1,1060,M12,1,129.0,0.0
863,1,1036,M08,1,79.0,0.0
864,1,1012,M03,3,24.0,0.0
865,1,1015,M03,1,189.0,18.9
866,1,1027,M06,1,59.9,0.0
866,2,1029,M06,1,79.0,0.0
867,1,1041,M09,2,59.9,0.0
868,1,1010,M02,1,45.0,0.0
869,1,1002,M01,1,129.0,0.0
870,1,1003,M01,1,189.0,0.0
871,1,1047,M10,1,45.0,0.0
872,1,1002,M01,2,129.0,0.0
872,2,1001,M01,1,32.9,1.65
873,1,1019,M04,1,18.5,0.0
873,2,1016,M04,1,189.0,9.45
873,3,1017,M04,1,12.9,0.0
874,1,1006,M02,2,189.0,0.0
875,1,1020,M04,2,24.0,0.0
876,1,1048,M10,1,59.9,3.0
876,2,1050,M10,1,18.5,0.0
877,1,1033,M07,1,45.0,2.25
878,1,1039,M08,1,12.9,1.29
879,1,1057,M12,1,24.0,0.0
880,1,1008,M02,1,45.0,4.5
881,1,1012,M03,2,24.0,4.8
881,2,1015,M03,1,189.0,0.0
882,1,1048,M10,3,59.9,17.97
883,1,1019,M04,1,18.5,0.0
883,2,1016,M04,2,189.0,0.0
884,1,1040,M08,1,32.9,0.0
885,1,1016,M04,2,189.0,18.9
885,2,1020,M04,1,24.0,1.2
885,3,1017,M04,1,12.9,0.0
886,1,1060,M12,1,129.0,0.0
886,2,1058,M12,1,18.5,0.0
887,1,1053,M11,1,24.0,1.2
887,2,1052,M11,1,45.0,2.25
888,1,1018,M04,2,59.9,0.0
889,1,1019,M04,1,18.5,0.93
890,1,1036,M08,1,79.0,0.0
890,2,1038,M08,1,45.0,0.0
891,1,1055,M11,1,129.0,0.0
891,2,1053,M11,1,24.0,0.0
892,1,1010,M02,1,45.0,0.0
892,2,1009,M02,1,12.9,1.29
892,3,1007,M02,1,32.9,1.65
893,1,1046,M10,1,45.0,0.0
894,1,1035,M07,1,59.9,0.0
895,1,1030,M06,3,45.0,6.75
896,1,1003,M01,1,189.0,0.0
896,2,1001,M01,3,32.9,0.0
897,1,1033,M07,1,45.0,0.0
898,1,1054,M11,1,129.0,0.0
899,1,1049,M10,2,32.9,3.29
900,1,1044,M09,3,189.0,28.35
901,1,1028,M06,2,32.9,0.0
902,1,1007,M02,3,32.9,4.94
903,1,1001,M01,1,32.9,0.0
903,2,1005,M01,2,24.0,0.0
904,1,1032,M07,2,59.9,0.0
905,1,1004,M01,1,45.0,0.0
905,2,1002,M01,1,129.0,6.45
905,3,1003,M01,2,189.0,37.8
906,1,1007,M02,3,32.9,9.87
907,1,1014,M03,1,18.5,0.0
908,1,1052,M11,3,45.0,13.5
908,2,1051,M11,2,18.5,0.0
909,1,1004,M01,1,45.0,2.25
909,2,1005,M01,1,24.0,0.0
910,1,1036,M08,1,79.0,0.0
911,1,1037,M08,1,18.5,0.0
912,1,1013,M03,1,79.0,0.0
913,1,1051,M11,1,18.5,1.85
914,1,1012,M03,1,24.0,0.0
914,2,1014,M03,2,18.5,0.0
915,1,1036,M08,1,79.0,0.0
916,1,1038,M08,1,45.0,4.5
916,2,1039,M08,1,12.9,0.0
916,3,1040,M08,1,32.9,3.29
917,1,1013,M03,1,79.0,3.95
918,1,1005,M01,1,24.0,1.2
919,1,1003,M01,1,189.0,0.0
920,1,1001,M01,3,32.9,0.0
920,2,1003,M01,1,189.0,0.0
921,1,1017,M04,1,12.9,0.0
922,1,1011,M03,1,24.0,0.0
922,2,1015,M03,1,189.0,9.45
923,1,1021,M05,1,24.0,0.0
924,1,1050,M10,1,18.5,1.85
925,1,1017,M04,2,12.9,1.29
925,2,1020,M04,1,24.0,0.0
926,1,1018,M04,2,59.9,0.0
926,2,1016,M04,1,189.0,0.0
927,1,1026,M06,2,32.9,3.29
928,1,1011,M03,2,24.0,0.0
929,1,1037,M08,1,18.5,0.0
929,2,1038,M08,1,45.0,0.0
930,1,1033,M07,1,45.0,0.0
931,1,1028,M06,2,32.9,0.0
932,1,1023,M05,1,79.0,0.0
933,1,1052,M11,1,45.0,0.0
934,1,1017,M04,1,12.9,0.0
935,1,1009,M02,2,12.9,0.0
936,1,1033,M07,1,45.0,2.25
937,1,1019,M04,2,18.5,3.7
938,1,1002,M01,1,129.0,0.0
938,2,1001,M01,1,32.9,0.0
939,1,1025,M05,2,79.0,0.0
939,2,1023,M05,1,79.0,0.0
940,1,1023,M05,1,79.0,0.0
941,1,1001,M01,1,32.9,0.0
941,2,1004,M01,3,45.0,0.0
942,1,1043,M09,1,59.9,0.0
943,1,1059,M12,1,24.0,0.0
944,1,1002,M01,2,129.0,0.0
945,1,1015,M03,2,189.0,0.0
946,1,1016,M04,1,189.0,9.45
946,2,1020,M04,1,24.0,0.0
946,3,1018,M04,1,59.9,0.0
947,1,1051,M11,1,18.5,0.0
947,2,1055,M11,1,129.0,12.9
948,1,1057,M12,1,24.0,0.0
949,1,1053,M11,1,24.0,0.0
949,2,1052,M11,1,45.0,0.0
950,1,1043,M09,2,59.9,0.0
951,1,1050,M10,2,18.5,0.0
951,2,1048,M10,2,59.9,0.0
951,3,1047,M10,1,45.0,0.0
952,1,1010,M02,2,45.0,9.0
953,1,1001,M01,1,32.9,0.0
953,2,1004,M01,1,45.0,4.5
954,1,1041,M09,1,59.9,0.0
955,1,1052,M11,1,45.0,2.25
956,1,1009,M02,1,12.9,0.0
956,2,1007,M02,1,32.9,1.65
956,3,1010,M02,1,45.0,0.0
957,1,1024,M05,2,45.0,0.0
958,1,1030,M06,1,45.0,0.0
959,1,1001,M01,1,32.9,0.0
959,2,1004,M01,1,45.0,0.0
960,1,1005,M01,1,24.0,0.0
960,2,1003,M01,2,189.0,18.9
961,1,1032,M07,1,59.9,3.0
961,2,1035,M07,2,59.9,0.0
961,3,1033,M07,1,45.0,2.25
962,1,1016,M04,1,189.0,9.45
963,1,1019,M04,1,18.5,0.0
963,2,1017,M04,1,12.9,0.0
964,1,1012,M03,2,24.0,0.0
965,1,1028,M06,1,32.9,0.0
965,2,1029,M06,1,79.0,0.0
966,1,1041,M09,3,59.9,8.99
966,2,1042,M09,1,45.0,4.5
967,1,1004,M01,1,45.0,0.0
968,1,1047,M10,2,45.0,0.0
968,2,1046,M10,1,45.0,0.0
968,3,1048,M10,1,59.9,0.0
969,1,1025,M05,1,79.0,0.0
969,2,1024,M05,1,45.0,2.25
970,1,1051,M11,2,18.5,0.0
970,2,1052,M11,3,45.0,0.0
971,1,1030,M06,2,45.0,0.0
972,1,1032,M07,1,59.9,3.0
973,1,1050,M10,1,18.5,0.0
973,2,1047,M10,1,45.0,0.0
973,3,1046,M10,1,45.0,0.0
974,1,1058,M12,3,18.5,0.0
975,1,1008,M02,2,45.0,0.0
976,1,1046,M10,1,45.0,0.0
976,2,1048,M10,1,59.9,3.0
977,1,1003,M01,1,189.0,18.9
977,2,1004,M01,1,45.0,0.0
978,1,1008,M02,1,45.0,0.0
978,2,1009,M02,2,12.9,1.29
979,1,1055,M11,1,129.0,12.9
980,1,1054,M11,2,129.0,0.0
980,2,1053,M11,1,24.0,0.0
981,1,1028,M06,1,32.9,0.0
982,1,1023,M05,1,79.0,0.0
983,1,1026,M06,2,32.9,3.29
983,2,1028,M06,2,32.9,0.0
984,1,1055,M11,1,129.0,0.0
985,1,1054,M11,1,129.0,0.0
