txn_id,order_id,txn_ts,amount,currency,payment_method,status,decline_reason,psp_ref
1,1,2026-04-01 15:59:10,90.0,SGD,card_visa,approved,,psp_000001
2,2,2026-04-01 13:39:27,32.9,SGD,card_visa,approved,,psp_000002
3,3,2026-04-01 22:52:31,122.55,SGD,paynow,approved,,psp_000003
4,4,2026-04-01 19:28:00,192.5,SGD,card_visa,approved,,psp_000004
5,5,2026-04-01 12:27:42,189.0,SGD,card_visa,declined,expired_card,psp_000005
6,5,2026-04-01 13:29:42,189.0,SGD,card_visa,approved,,psp_000006
7,6,2026-04-01 17:31:15,155.8,SGD,card_mastercard,approved,,psp_000007
8,7,2026-04-01 11:48:00,245.9,SGD,card_amex,approved,,psp_000008
9,7,2026-04-07 11:48:00,-245.9,SGD,card_amex,refunded,,psp_000009
10,8,2026-04-01 15:00:59,59.9,SGD,card_mastercard,approved,,psp_000010
11,9,2026-04-01 17:27:51,59.9,SGD,card_visa,approved,,psp_000011
12,10,2026-04-01 20:20:57,45.0,SGD,paynow,approved,,psp_000012
13,11,2026-04-01 13:23:44,119.8,SGD,card_mastercard,declined,do_not_honour,psp_000013
14,12,2026-04-02 12:18:55,21.6,SGD,card_mastercard,approved,,psp_000014
15,13,2026-04-02 18:49:00,24.51,SGD,bank_transfer,approved,,psp_000015
16,14,2026-04-02 08:40:56,56.9,SGD,card_mastercard,approved,,psp_000016
17,15,2026-04-02 17:42:24,119.75,SGD,card_mastercard,approved,,psp_000017
18,16,2026-04-02 21:31:50,79.0,SGD,bank_transfer,approved,,psp_000018
19,17,2026-04-02 22:07:22,507.0,SGD,card_visa,declined,insufficient_funds,psp_000019
20,17,2026-04-02 22:56:22,507.0,SGD,card_visa,approved,,psp_000020
21,18,2026-04-02 17:39:49,53.91,SGD,card_visa,approved,,psp_000021
22,19,2026-04-02 22:50:57,158.0,SGD,bank_transfer,declined,3ds_failed,psp_000022
23,19,2026-04-03 00:04:57,158.0,SGD,bank_transfer,approved,,psp_000023
24,20,2026-04-02 20:30:13,90.0,SGD,card_visa,approved,,psp_000024
25,21,2026-04-02 10:12:02,12.9,SGD,paynow,approved,,psp_000025
26,22,2026-04-03 18:05:40,98.7,SGD,card_visa,approved,,psp_000026
27,23,2026-04-03 13:43:52,71.1,SGD,card_visa,approved,,psp_000027
28,24,2026-04-03 15:25:05,237.0,SGD,card_mastercard,approved,,psp_000028
29,25,2026-04-03 06:24:10,137.12,SGD,card_visa,approved,,psp_000029
30,25,2026-04-17 06:24:10,-137.12,SGD,card_visa,refunded,,psp_000030
31,26,2026-04-03 12:30:09,59.9,SGD,grabpay,approved,,psp_000031
32,27,2026-04-03 09:32:09,55.65,SGD,card_mastercard,approved,,psp_000032
33,28,2026-04-03 13:49:40,45.0,SGD,card_visa,approved,,psp_000033
34,29,2026-04-03 21:32:48,59.9,SGD,grabpay,approved,,psp_000034
35,30,2026-04-03 11:47:31,189.0,SGD,card_amex,approved,,psp_000035
36,31,2026-04-03 19:27:35,12.9,SGD,card_visa,approved,,psp_000036
37,32,2026-04-03 14:15:42,179.55,SGD,card_visa,approved,,psp_000037
38,33,2026-04-03 21:25:07,11.61,SGD,card_mastercard,approved,,psp_000038
39,34,2026-04-04 17:19:17,45.0,SGD,paynow,approved,,psp_000039
40,35,2026-04-04 15:35:18,162.55,SGD,card_mastercard,approved,,psp_000040
41,36,2026-04-04 07:33:28,56.9,SGD,paynow,approved,,psp_000041
42,37,2026-04-04 13:06:22,45.0,SGD,card_visa,approved,,psp_000042
43,38,2026-04-04 17:32:22,213.0,SGD,card_mastercard,approved,,psp_000043
44,39,2026-04-04 13:32:45,156.9,SGD,card_visa,approved,,psp_000044
45,40,2026-04-04 21:18:55,24.0,SGD,card_amex,approved,,psp_000045
46,41,2026-04-04 21:46:44,12.9,SGD,card_visa,approved,,psp_000046
47,42,2026-04-04 15:29:20,74.61,SGD,paynow,approved,,psp_000047
48,43,2026-04-04 12:07:42,12.9,SGD,card_visa,approved,,psp_000048
49,44,2026-04-04 12:55:55,24.0,SGD,card_mastercard,approved,,psp_000049
50,45,2026-04-04 17:56:27,108.55,SGD,paynow,approved,,psp_000050
51,46,2026-04-04 19:43:49,23.22,SGD,card_mastercard,declined,expired_card,psp_000051
52,46,2026-04-04 19:51:49,23.22,SGD,card_mastercard,approved,,psp_000052
53,47,2026-04-04 12:40:16,158.0,SGD,grabpay,approved,,psp_000053
54,48,2026-04-04 14:40:48,104.9,SGD,card_visa,approved,,psp_000054
55,49,2026-04-04 19:23:36,32.9,SGD,card_mastercard,approved,,psp_000055
56,50,2026-04-05 21:55:56,248.0,SGD,card_mastercard,approved,,psp_000056
57,51,2026-04-05 19:49:25,124.0,SGD,card_visa,approved,,psp_000057
58,52,2026-04-05 10:24:25,327.3,SGD,card_mastercard,approved,,psp_000058
59,53,2026-04-05 21:18:58,135.0,SGD,card_mastercard,approved,,psp_000059
60,54,2026-04-05 02:18:09,90.0,SGD,card_mastercard,approved,,psp_000060
61,55,2026-04-05 17:51:19,12.25,SGD,card_mastercard,approved,,psp_000061
62,56,2026-04-05 14:27:04,24.0,SGD,card_mastercard,approved,,psp_000062
63,57,2026-04-05 20:01:43,56.9,SGD,paynow,approved,,psp_000063
64,58,2026-04-05 13:57:59,189.0,SGD,paynow,approved,,psp_000064
65,59,2026-04-05 09:33:58,179.55,SGD,card_visa,approved,,psp_000065
66,60,2026-04-05 10:53:49,81.0,SGD,card_visa,approved,,psp_000066
67,61,2026-04-05 20:31:55,53.91,SGD,card_mastercard,approved,,psp_000067
68,62,2026-04-06 15:06:42,21.6,SGD,card_visa,approved,,psp_000068
69,63,2026-04-06 15:19:34,347.81,SGD,bank_transfer,approved,,psp_000069
70,64,2026-04-06 21:26:54,129.0,SGD,card_visa,approved,,psp_000070
71,64,2026-04-18 21:26:54,-129.0,SGD,card_visa,refunded,,psp_000071
72,65,2026-04-06 19:04:16,17.57,SGD,card_visa,approved,,psp_000072
73,66,2026-04-06 20:51:01,90.8,SGD,grabpay,approved,,psp_000073
74,67,2026-04-06 17:57:55,146.57,SGD,card_visa,approved,,psp_000074
75,68,2026-04-06 15:18:13,117.8,SGD,card_mastercard,approved,,psp_000075
76,69,2026-04-06 23:02:49,276.5,SGD,card_visa,approved,,psp_000076
77,70,2026-04-07 10:35:43,122.55,SGD,card_mastercard,approved,,psp_000077
78,71,2026-04-07 11:38:02,494.65,SGD,card_mastercard,approved,,psp_000078
79,72,2026-04-07 23:55:11,130.5,SGD,card_mastercard,approved,,psp_000079
80,73,2026-04-07 20:42:40,45.6,SGD,card_visa,approved,,psp_000080
81,74,2026-04-07 07:47:16,55.5,SGD,paynow,approved,,psp_000081
82,75,2026-04-07 15:11:19,59.9,SGD,paynow,approved,,psp_000082
83,76,2026-04-07 10:32:34,18.5,SGD,card_mastercard,approved,,psp_000083
84,77,2026-04-07 21:03:22,64.8,SGD,card_mastercard,approved,,psp_000084
85,78,2026-04-07 19:51:47,31.25,SGD,paynow,approved,,psp_000085
86,79,2026-04-08 19:31:47,24.0,SGD,grabpay,approved,,psp_000086
87,80,2026-04-08 13:54:41,59.9,SGD,card_visa,approved,,psp_000087
88,81,2026-04-08 09:32:01,174.0,SGD,card_amex,approved,,psp_000088
89,82,2026-04-08 11:56:44,316.0,SGD,card_visa,approved,,psp_000089
90,83,2026-04-08 11:34:56,123.4,SGD,card_mastercard,approved,,psp_000090
91,84,2026-04-08 16:54:33,212.45,SGD,card_mastercard,approved,,psp_000091
92,85,2026-04-08 20:59:06,268.0,SGD,card_mastercard,approved,,psp_000092
93,86,2026-04-08 18:22:48,129.0,SGD,bank_transfer,approved,,psp_000093
94,87,2026-04-09 10:17:51,48.0,SGD,card_visa,approved,,psp_000094
95,88,2026-04-09 18:22:21,59.9,SGD,card_mastercard,declined,do_not_honour,psp_000095
96,89,2026-04-09 15:19:18,31.25,SGD,paynow,approved,,psp_000096
97,90,2026-04-09 17:54:28,59.9,SGD,card_visa,approved,,psp_000097
98,91,2026-04-09 08:54:04,98.7,SGD,card_mastercard,approved,,psp_000098
99,92,2026-04-09 18:39:51,38.7,SGD,paynow,approved,,psp_000099
100,93,2026-04-09 13:46:35,42.75,SGD,paynow,approved,,psp_000100
101,94,2026-04-09 13:01:32,189.0,SGD,card_mastercard,declined,gateway_timeout,psp_000101
102,94,2026-04-09 13:23:32,189.0,SGD,card_mastercard,approved,,psp_000102
103,95,2026-04-09 21:39:39,87.4,SGD,grabpay,approved,,psp_000103
104,96,2026-04-10 21:56:23,129.0,SGD,bank_transfer,approved,,psp_000104
105,97,2026-04-10 21:05:11,12.9,SGD,card_mastercard,approved,,psp_000105
106,98,2026-04-10 21:50:38,349.8,SGD,card_visa,approved,,psp_000106
107,99,2026-04-10 20:11:07,59.9,SGD,card_visa,approved,,psp_000107
108,100,2026-04-10 21:47:58,24.0,SGD,card_mastercard,approved,,psp_000108
109,101,2026-04-10 14:01:42,59.4,SGD,card_mastercard,approved,,psp_000109
110,102,2026-04-10 18:46:04,53.4,SGD,bank_transfer,approved,,psp_000110
111,103,2026-04-10 20:25:48,75.05,SGD,paynow,approved,,psp_000111
112,104,2026-04-11 20:03:07,287.7,SGD,grabpay,approved,,psp_000112
113,105,2026-04-11 16:22:52,24.0,SGD,paynow,approved,,psp_000113
114,106,2026-04-11 13:05:41,138.9,SGD,card_visa,approved,,psp_000114
115,107,2026-04-11 09:18:14,151.3,SGD,card_mastercard,approved,,psp_000115
116,108,2026-04-11 20:03:31,190.2,SGD,card_visa,approved,,psp_000116
117,109,2026-04-11 19:13:26,24.0,SGD,card_visa,approved,,psp_000117
118,110,2026-04-11 13:04:02,106.3,SGD,paynow,approved,,psp_000118
119,111,2026-04-11 18:01:52,42.75,SGD,card_visa,approved,,psp_000119
120,112,2026-04-11 19:57:09,276.5,SGD,card_mastercard,approved,,psp_000120
121,113,2026-04-11 13:08:24,370.5,SGD,card_amex,approved,,psp_000121
122,114,2026-04-11 12:59:05,45.0,SGD,grabpay,approved,,psp_000122
123,115,2026-04-11 07:37:50,132.05,SGD,bank_transfer,approved,,psp_000123
124,116,2026-04-11 14:16:14,59.9,SGD,card_mastercard,approved,,psp_000124
125,117,2026-04-12 10:00:53,189.0,SGD,card_mastercard,approved,,psp_000125
126,118,2026-04-12 16:28:32,624.9,SGD,grabpay,approved,,psp_000126
127,119,2026-04-12 23:37:45,75.05,SGD,card_visa,approved,,psp_000127
128,120,2026-04-12 09:36:23,87.95,SGD,paynow,approved,,psp_000128
129,121,2026-04-12 21:12:55,40.5,SGD,card_visa,approved,,psp_000129
130,122,2026-04-12 10:45:42,148.9,SGD,paynow,approved,,psp_000130
131,123,2026-04-12 19:13:52,135.0,SGD,card_mastercard,approved,,psp_000131
132,124,2026-04-12 15:39:45,158.0,SGD,card_visa,approved,,psp_000132
133,125,2026-04-12 18:08:59,104.0,SGD,card_mastercard,approved,,psp_000133
134,126,2026-04-12 10:28:15,31.25,SGD,card_visa,approved,,psp_000134
135,127,2026-04-12 18:53:26,87.51,SGD,card_mastercard,approved,,psp_000135
136,128,2026-04-12 13:11:48,171.75,SGD,bank_transfer,approved,,psp_000136
137,129,2026-04-12 12:15:50,42.75,SGD,card_visa,approved,,psp_000137
138,130,2026-04-13 12:45:25,181.9,SGD,card_mastercard,approved,,psp_000138
139,131,2026-04-13 18:54:59,167.9,SGD,card_visa,approved,,psp_000139
140,132,2026-04-13 11:28:48,45.0,SGD,card_visa,approved,,psp_000140
141,133,2026-04-13 06:34:22,79.0,SGD,grabpay,approved,,psp_000141
142,134,2026-04-13 20:15:16,63.5,SGD,paynow,approved,,psp_000142
143,135,2026-04-13 19:40:25,22.8,SGD,card_visa,approved,,psp_000143
144,136,2026-04-13 19:18:22,165.3,SGD,grabpay,approved,,psp_000144
145,137,2026-04-14 20:45:14,230.36,SGD,card_mastercard,approved,,psp_000145
146,138,2026-04-14 13:04:10,56.9,SGD,card_visa,approved,,psp_000146
147,139,2026-04-14 16:52:51,42.75,SGD,paynow,approved,,psp_000147
148,140,2026-04-14 17:09:12,45.0,SGD,card_mastercard,approved,,psp_000148
149,141,2026-04-14 12:49:35,25.8,SGD,card_mastercard,approved,,psp_000149
150,142,2026-04-14 19:46:10,477.0,SGD,paynow,declined,3ds_failed,psp_000150
151,143,2026-04-15 20:51:31,40.5,SGD,card_mastercard,approved,,psp_000151
152,144,2026-04-15 12:32:16,45.0,SGD,paynow,approved,,psp_000152
153,145,2026-04-15 18:59:20,21.6,SGD,grabpay,approved,,psp_000153
154,146,2026-04-15 22:05:44,218.61,SGD,paynow,approved,,psp_000154
155,147,2026-04-15 02:36:02,79.0,SGD,grabpay,approved,,psp_000155
156,148,2026-04-15 15:05:59,17.57,SGD,paynow,approved,,psp_000156
157,149,2026-04-15 17:12:14,42.75,SGD,card_mastercard,approved,,psp_000157
158,150,2026-04-15 14:02:49,18.5,SGD,card_amex,approved,,psp_000158
159,151,2026-04-16 20:58:45,22.8,SGD,card_visa,approved,,psp_000159
160,152,2026-04-16 20:14:10,59.9,SGD,paynow,approved,,psp_000160
161,153,2026-04-16 20:31:39,122.9,SGD,card_visa,approved,,psp_000161
162,154,2026-04-16 19:53:04,24.0,SGD,paynow,approved,,psp_000162
163,154,2026-04-18 19:53:04,-24.0,SGD,paynow,refunded,,psp_000163
164,155,2026-04-16 05:37:32,191.16,SGD,card_mastercard,declined,insufficient_funds,psp_000164
165,156,2026-04-16 08:07:23,258.0,SGD,paynow,approved,,psp_000165
166,157,2026-04-16 20:22:31,99.65,SGD,card_mastercard,approved,,psp_000166
167,158,2026-04-16 13:11:39,145.6,SGD,card_visa,approved,,psp_000167
168,159,2026-04-16 09:33:51,41.57,SGD,card_mastercard,approved,,psp_000168
169,160,2026-04-17 22:02:35,245.9,SGD,card_visa,approved,,psp_000169
170,161,2026-04-17 06:27:51,75.05,SGD,card_visa,approved,,psp_000170
171,162,2026-04-17 20:24:14,179.55,SGD,card_mastercard,approved,,psp_000171
172,163,2026-04-17 10:46:49,232.8,SGD,card_visa,approved,,psp_000172
173,164,2026-04-17 21:33:39,104.9,SGD,paynow,approved,,psp_000173
174,165,2026-04-17 20:40:42,150.1,SGD,card_mastercard,approved,,psp_000174
175,166,2026-04-17 13:20:36,103.0,SGD,card_mastercard,approved,,psp_000175
176,167,2026-04-17 22:28:45,12.9,SGD,paynow,approved,,psp_000176
177,168,2026-04-17 09:22:35,59.9,SGD,bank_transfer,approved,,psp_000177
178,169,2026-04-17 21:34:12,212.45,SGD,card_mastercard,approved,,psp_000178
179,170,2026-04-17 20:02:39,24.0,SGD,card_amex,approved,,psp_000179
180,171,2026-04-17 21:32:33,129.0,SGD,grabpay,approved,,psp_000180
181,172,2026-04-18 14:05:51,56.9,SGD,paynow,approved,,psp_000181
182,173,2026-04-18 18:29:28,158.0,SGD,card_mastercard,approved,,psp_000182
183,174,2026-04-18 13:51:25,35.15,SGD,card_mastercard,approved,,psp_000183
184,175,2026-04-18 10:30:04,125.01,SGD,grabpay,approved,,psp_000184
185,176,2026-04-18 12:14:10,129.0,SGD,paynow,approved,,psp_000185
186,177,2026-04-18 17:39:58,45.0,SGD,grabpay,approved,,psp_000186
187,178,2026-04-18 20:10:06,77.47,SGD,card_mastercard,approved,,psp_000187
188,178,2026-04-27 20:10:06,-77.47,SGD,card_mastercard,refunded,,psp_000188
189,179,2026-04-18 11:36:52,45.0,SGD,paynow,declined,expired_card,psp_000189
190,179,2026-04-18 12:22:52,45.0,SGD,paynow,approved,,psp_000190
191,179,2026-04-20 11:36:52,-45.0,SGD,paynow,refunded,,psp_000191
192,180,2026-04-18 18:43:25,189.0,SGD,paynow,approved,,psp_000192
193,181,2026-04-18 18:31:53,128.25,SGD,paynow,approved,,psp_000193
194,182,2026-04-18 07:22:40,45.0,SGD,card_visa,approved,,psp_000194
195,183,2026-04-18 11:36:33,59.9,SGD,card_mastercard,approved,,psp_000195
196,184,2026-04-19 08:14:08,85.5,SGD,card_mastercard,approved,,psp_000196
197,185,2026-04-19 11:50:50,59.9,SGD,card_mastercard,declined,insufficient_funds,psp_000197
198,185,2026-04-19 11:58:50,59.9,SGD,card_mastercard,approved,,psp_000198
199,186,2026-04-19 13:44:57,170.1,SGD,card_mastercard,approved,,psp_000199
200,187,2026-04-19 22:27:06,71.1,SGD,card_visa,approved,,psp_000200
201,188,2026-04-19 03:12:32,269.7,SGD,card_visa,approved,,psp_000201
202,189,2026-04-19 20:08:32,59.9,SGD,card_mastercard,approved,,psp_000202
203,190,2026-04-19 04:15:06,42.51,SGD,card_amex,approved,,psp_000203
204,191,2026-04-19 14:34:54,81.0,SGD,card_mastercard,approved,,psp_000204
205,192,2026-04-20 17:07:54,42.75,SGD,card_mastercard,approved,,psp_000205
206,193,2026-04-20 21:06:31,42.75,SGD,card_amex,approved,,psp_000206
207,194,2026-04-20 20:17:31,11.61,SGD,card_mastercard,approved,,psp_000207
208,195,2026-04-20 10:01:37,83.9,SGD,card_visa,approved,,psp_000208
209,196,2026-04-20 10:15:27,396.5,SGD,card_visa,approved,,psp_000209
210,197,2026-04-20 12:25:06,32.9,SGD,card_mastercard,approved,,psp_000210
211,198,2026-04-20 08:19:43,48.0,SGD,card_mastercard,approved,,psp_000211
212,199,2026-04-21 14:15:11,36.76,SGD,card_visa,approved,,psp_000212
213,200,2026-04-21 15:36:29,129.0,SGD,card_mastercard,declined,expired_card,psp_000213
214,200,2026-04-21 16:58:29,129.0,SGD,card_mastercard,approved,,psp_000214
215,201,2026-04-21 11:49:23,45.0,SGD,card_visa,declined,insufficient_funds,psp_000215
216,202,2026-04-21 12:33:16,12.9,SGD,card_visa,approved,,psp_000216
217,203,2026-04-21 13:49:59,53.91,SGD,card_mastercard,approved,,psp_000217
218,204,2026-04-21 18:15:26,183.9,SGD,card_visa,approved,,psp_000218
219,205,2026-04-21 12:57:53,32.9,SGD,card_amex,approved,,psp_000219
220,206,2026-04-21 08:38:58,170.01,SGD,grabpay,approved,,psp_000220
221,207,2026-04-21 21:07:15,24.0,SGD,card_mastercard,approved,,psp_000221
222,208,2026-04-21 23:27:33,76.25,SGD,card_visa,approved,,psp_000222
223,209,2026-04-21 17:48:15,59.9,SGD,card_mastercard,approved,,psp_000223
224,210,2026-04-22 20:05:01,59.9,SGD,grabpay,approved,,psp_000224
225,211,2026-04-22 16:22:23,12.9,SGD,card_mastercard,approved,,psp_000225
226,212,2026-04-22 20:33:35,198.0,SGD,card_visa,approved,,psp_000226
227,213,2026-04-22 19:29:43,154.65,SGD,card_visa,approved,,psp_000227
228,214,2026-04-22 14:51:17,158.0,SGD,card_mastercard,approved,,psp_000228
229,215,2026-04-22 22:25:20,24.51,SGD,card_mastercard,approved,,psp_000229
230,216,2026-04-22 13:57:16,258.0,SGD,card_visa,approved,,psp_000230
231,217,2026-04-22 12:06:28,119.8,SGD,paynow,approved,,psp_000231
232,218,2026-04-22 20:41:29,45.0,SGD,card_mastercard,approved,,psp_000232
233,219,2026-04-23 07:44:28,119.8,SGD,card_visa,approved,,psp_000233
234,220,2026-04-23 12:36:24,113.81,SGD,card_mastercard,approved,,psp_000234
235,221,2026-04-23 22:07:50,217.9,SGD,card_mastercard,approved,,psp_000235
236,222,2026-04-23 19:53:18,246.9,SGD,card_visa,approved,,psp_000236
237,222,2026-04-26 19:53:18,-246.9,SGD,card_visa,refunded,,psp_000237
238,223,2026-04-23 09:44:05,45.0,SGD,card_visa,approved,,psp_000238
239,224,2026-04-23 09:56:28,215.1,SGD,card_mastercard,approved,,psp_000239
240,225,2026-04-23 16:40:58,48.0,SGD,grabpay,approved,,psp_000240
241,226,2026-04-23 17:01:16,158.0,SGD,card_visa,approved,,psp_000241
242,227,2026-04-23 20:20:22,77.9,SGD,paynow,approved,,psp_000242
243,228,2026-04-23 12:13:42,45.0,SGD,paynow,declined,do_not_honour,psp_000243
244,228,2026-04-23 13:09:42,45.0,SGD,paynow,approved,,psp_000244
245,229,2026-04-23 17:36:52,98.7,SGD,card_mastercard,approved,,psp_000245
246,230,2026-04-23 08:50:35,213.3,SGD,paynow,approved,,psp_000246
247,231,2026-04-24 17:59:19,59.9,SGD,card_mastercard,approved,,psp_000247
248,232,2026-04-24 12:56:43,74.0,SGD,card_mastercard,approved,,psp_000248
249,233,2026-04-24 21:19:19,24.0,SGD,paynow,approved,,psp_000249
250,234,2026-04-24 19:32:05,85.5,SGD,bank_transfer,approved,,psp_000250
251,235,2026-04-24 12:23:19,45.0,SGD,paynow,approved,,psp_000251
252,236,2026-04-24 12:57:24,85.5,SGD,paynow,approved,,psp_000252
253,237,2026-04-24 21:09:56,368.7,SGD,paynow,approved,,psp_000253
254,238,2026-04-24 20:06:45,42.75,SGD,paynow,approved,,psp_000254
255,239,2026-04-25 18:51:35,207.5,SGD,card_mastercard,approved,,psp_000255
256,240,2026-04-25 19:22:23,45.0,SGD,card_mastercard,approved,,psp_000256
257,241,2026-04-25 21:38:47,11.61,SGD,card_visa,approved,,psp_000257
258,242,2026-04-25 13:07:11,258.0,SGD,grabpay,approved,,psp_000258
259,243,2026-04-25 21:13:05,192.6,SGD,card_mastercard,approved,,psp_000259
260,244,2026-04-25 13:50:29,348.0,SGD,card_visa,approved,,psp_000260
261,245,2026-04-25 10:40:36,101.9,SGD,card_mastercard,approved,,psp_000261
262,246,2026-04-25 12:37:30,258.0,SGD,card_mastercard,approved,,psp_000262
263,247,2026-04-25 19:13:56,348.0,SGD,card_mastercard,approved,,psp_000263
264,248,2026-04-25 18:13:26,42.75,SGD,card_visa,approved,,psp_000264
265,249,2026-04-25 22:48:18,42.75,SGD,card_visa,approved,,psp_000265
266,250,2026-04-25 18:17:21,12.9,SGD,paynow,approved,,psp_000266
267,251,2026-04-26 21:58:35,45.0,SGD,paynow,approved,,psp_000267
268,252,2026-04-26 18:02:23,37.0,SGD,card_mastercard,approved,,psp_000268
269,253,2026-04-26 21:17:25,279.0,SGD,card_mastercard,approved,,psp_000269
270,254,2026-04-26 20:52:35,311.55,SGD,card_mastercard,approved,,psp_000270
271,255,2026-04-26 23:14:58,234.0,SGD,card_visa,approved,,psp_000271
272,256,2026-04-26 20:31:41,150.1,SGD,paynow,approved,,psp_000272
273,257,2026-04-26 20:01:37,36.9,SGD,card_mastercard,approved,,psp_000273
274,258,2026-04-26 21:39:58,48.0,SGD,card_amex,approved,,psp_000274
275,259,2026-04-26 15:31:54,150.1,SGD,paynow,approved,,psp_000275
276,260,2026-04-26 20:58:11,12.9,SGD,paynow,approved,,psp_000276
277,261,2026-04-26 13:13:58,59.9,SGD,card_mastercard,approved,,psp_000277
278,262,2026-04-26 13:27:54,61.25,SGD,card_amex,approved,,psp_000278
279,263,2026-04-26 17:25:06,56.9,SGD,grabpay,approved,,psp_000279
280,264,2026-04-27 12:38:26,59.9,SGD,card_amex,approved,,psp_000280
281,265,2026-04-27 11:22:56,59.9,SGD,card_visa,approved,,psp_000281
282,266,2026-04-27 05:46:40,59.9,SGD,card_amex,approved,,psp_000282
283,267,2026-04-28 00:08:59,59.9,SGD,bank_transfer,approved,,psp_000283
284,268,2026-04-27 21:45:38,188.91,SGD,card_visa,approved,,psp_000284
285,269,2026-04-27 22:17:06,173.73,SGD,card_visa,approved,,psp_000285
286,269,2026-05-03 22:17:06,-173.73,SGD,card_visa,refunded,,psp_000286
287,270,2026-04-27 21:42:22,378.0,SGD,grabpay,approved,,psp_000287
288,270,2026-05-09 21:42:22,-378.0,SGD,grabpay,refunded,,psp_000288
289,271,2026-04-27 17:25:47,12.9,SGD,card_mastercard,approved,,psp_000289
290,272,2026-04-27 07:30:05,320.95,SGD,card_visa,approved,,psp_000290
291,273,2026-04-27 13:02:46,12.9,SGD,grabpay,declined,gateway_timeout,psp_000291
292,273,2026-04-27 13:28:46,12.9,SGD,grabpay,approved,,psp_000292
293,274,2026-04-28 09:03:59,45.0,SGD,card_visa,approved,,psp_000293
294,275,2026-04-28 16:50:53,48.0,SGD,bank_transfer,approved,,psp_000294
295,276,2026-04-28 13:00:21,45.0,SGD,paynow,approved,,psp_000295
296,277,2026-04-28 13:36:31,21.6,SGD,card_amex,approved,,psp_000296
297,278,2026-04-28 16:28:02,68.4,SGD,card_mastercard,approved,,psp_000297
298,279,2026-04-28 22:34:38,59.9,SGD,card_visa,approved,,psp_000298
299,279,2026-05-10 22:34:38,-59.9,SGD,card_visa,refunded,,psp_000299
300,280,2026-04-28 23:22:27,90.0,SGD,card_mastercard,approved,,psp_000300
301,281,2026-04-28 08:06:33,31.25,SGD,bank_transfer,approved,,psp_000301
302,282,2026-04-28 19:51:50,40.5,SGD,card_mastercard,approved,,psp_000302
303,283,2026-04-28 14:28:28,12.9,SGD,grabpay,approved,,psp_000303
304,284,2026-04-28 20:08:39,347.0,SGD,bank_transfer,approved,,psp_000304
305,285,2026-04-28 20:28:40,45.0,SGD,paynow,approved,,psp_000305
306,286,2026-04-29 10:28:46,59.9,SGD,card_mastercard,approved,,psp_000306
307,287,2026-04-29 19:15:06,248.22,SGD,card_visa,approved,,psp_000307
308,288,2026-04-29 17:45:59,135.0,SGD,grabpay,approved,,psp_000308
309,289,2026-04-29 16:12:23,22.8,SGD,card_mastercard,declined,insufficient_funds,psp_000309
310,289,2026-04-29 17:12:23,22.8,SGD,card_mastercard,approved,,psp_000310
311,290,2026-04-29 22:00:53,107.82,SGD,card_visa,approved,,psp_000311
312,291,2026-04-29 10:42:22,45.0,SGD,card_visa,declined,do_not_honour,psp_000312
313,291,2026-04-29 11:29:22,45.0,SGD,card_visa,approved,,psp_000313
314,292,2026-04-29 06:06:10,213.0,SGD,card_visa,approved,,psp_000314
315,292,2026-05-01 06:06:10,-213.0,SGD,card_visa,refunded,,psp_000315
316,293,2026-04-29 19:23:16,164.8,SGD,card_visa,approved,,psp_000316
317,293,2026-05-04 19:23:16,-164.8,SGD,card_visa,refunded,,psp_000317
318,294,2026-04-30 17:15:36,121.75,SGD,card_mastercard,approved,,psp_000318
319,294,2026-05-13 17:15:36,-121.75,SGD,card_mastercard,refunded,,psp_000319
320,295,2026-04-30 21:23:32,209.06,SGD,card_visa,approved,,psp_000320
321,296,2026-04-30 15:59:10,248.9,SGD,grabpay,declined,3ds_failed,psp_000321
322,296,2026-04-30 16:11:10,248.9,SGD,grabpay,approved,,psp_000322
323,297,2026-04-30 19:44:29,11.61,SGD,card_amex,approved,,psp_000323
324,298,2026-04-30 17:27:46,188.7,SGD,card_visa,approved,,psp_000324
325,299,2026-04-30 13:09:23,119.8,SGD,card_mastercard,approved,,psp_000325
326,300,2026-04-30 16:14:13,176.5,SGD,paynow,approved,,psp_000326
327,301,2026-05-01 17:03:56,12.25,SGD,paynow,approved,,psp_000327
328,302,2026-05-01 08:56:25,212.1,SGD,card_visa,approved,,psp_000328
329,303,2026-05-01 11:41:12,197.12,SGD,grabpay,approved,,psp_000329
330,304,2026-05-01 11:01:26,239.6,SGD,card_visa,declined,do_not_honour,psp_000330
331,304,2026-05-01 11:29:26,239.6,SGD,card_visa,approved,,psp_000331
332,305,2026-05-01 22:21:19,12.25,SGD,card_visa,declined,gateway_timeout,psp_000332
333,305,2026-05-01 22:41:19,12.25,SGD,card_visa,approved,,psp_000333
334,306,2026-05-01 20:01:21,45.0,SGD,bank_transfer,approved,,psp_000334
335,307,2026-05-01 19:16:52,11.61,SGD,paynow,approved,,psp_000335
336,308,2026-05-01 20:11:04,164.8,SGD,grabpay,approved,,psp_000336
337,309,2026-05-02 10:48:41,378.0,SGD,paynow,approved,,psp_000337
338,310,2026-05-02 17:26:41,121.4,SGD,card_visa,approved,,psp_000338
339,311,2026-05-02 09:48:35,45.0,SGD,card_mastercard,approved,,psp_000339
340,312,2026-05-02 22:45:52,90.5,SGD,card_visa,declined,do_not_honour,psp_000340
341,313,2026-05-02 13:18:29,113.81,SGD,card_visa,approved,,psp_000341
342,314,2026-05-02 09:40:07,81.0,SGD,card_visa,approved,,psp_000342
343,315,2026-05-02 02:29:42,18.5,SGD,card_visa,approved,,psp_000343
344,316,2026-05-02 16:01:42,79.0,SGD,card_visa,declined,expired_card,psp_000344
345,317,2026-05-03 11:35:55,79.0,SGD,card_visa,approved,,psp_000345
346,318,2026-05-03 14:41:24,29.61,SGD,card_visa,approved,,psp_000346
347,319,2026-05-03 20:15:30,42.75,SGD,card_visa,approved,,psp_000347
348,320,2026-05-03 12:05:04,129.0,SGD,card_visa,approved,,psp_000348
349,321,2026-05-03 21:33:32,119.8,SGD,card_mastercard,approved,,psp_000349
350,322,2026-05-03 14:48:09,31.25,SGD,card_mastercard,approved,,psp_000350
351,323,2026-05-03 22:46:44,120.05,SGD,card_mastercard,approved,,psp_000351
352,324,2026-05-03 16:06:30,45.8,SGD,card_visa,approved,,psp_000352
353,325,2026-05-03 11:46:29,30.47,SGD,paynow,approved,,psp_000353
354,326,2026-05-03 00:47:31,75.05,SGD,paynow,approved,,psp_000354
355,327,2026-05-03 08:06:05,79.0,SGD,card_visa,approved,,psp_000355
356,328,2026-05-03 14:15:48,79.0,SGD,card_mastercard,approved,,psp_000356
357,329,2026-05-04 20:08:41,179.55,SGD,paynow,approved,,psp_000357
358,330,2026-05-04 18:20:14,525.4,SGD,grabpay,approved,,psp_000358
359,331,2026-05-04 20:19:57,45.8,SGD,card_mastercard,approved,,psp_000359
360,331,2026-05-10 20:19:57,-45.8,SGD,card_mastercard,refunded,,psp_000360
361,332,2026-05-04 20:13:22,107.9,SGD,card_amex,approved,,psp_000361
362,333,2026-05-04 09:29:44,253.63,SGD,card_mastercard,approved,,psp_000362
363,334,2026-05-05 15:53:21,45.0,SGD,card_visa,approved,,psp_000363
364,335,2026-05-05 11:10:04,396.5,SGD,bank_transfer,approved,,psp_000364
365,336,2026-05-05 10:06:14,79.0,SGD,card_mastercard,approved,,psp_000365
366,337,2026-05-05 22:06:50,45.0,SGD,card_mastercard,approved,,psp_000366
367,338,2026-05-05 21:13:43,118.4,SGD,paynow,approved,,psp_000367
368,339,2026-05-05 15:52:38,18.5,SGD,card_visa,approved,,psp_000368
369,340,2026-05-05 22:13:16,189.0,SGD,card_amex,approved,,psp_000369
370,341,2026-05-05 07:12:41,63.17,SGD,card_mastercard,approved,,psp_000370
371,342,2026-05-05 11:10:05,182.0,SGD,card_mastercard,approved,,psp_000371
372,343,2026-05-05 06:07:15,24.0,SGD,card_visa,approved,,psp_000372
373,344,2026-05-05 22:21:13,48.0,SGD,card_visa,approved,,psp_000373
374,345,2026-05-06 22:15:52,79.0,SGD,card_mastercard,approved,,psp_000374
375,345,2026-05-19 22:15:52,-79.0,SGD,card_mastercard,refunded,,psp_000375
376,346,2026-05-06 19:36:56,59.9,SGD,card_mastercard,approved,,psp_000376
377,347,2026-05-06 19:48:05,68.22,SGD,card_visa,approved,,psp_000377
378,348,2026-05-06 19:17:17,104.8,SGD,card_visa,approved,,psp_000378
379,349,2026-05-06 12:55:20,79.0,SGD,card_amex,approved,,psp_000379
380,350,2026-05-06 08:11:46,189.0,SGD,paynow,approved,,psp_000380
381,351,2026-05-06 13:51:20,75.05,SGD,card_visa,approved,,psp_000381
382,352,2026-05-06 22:02:23,53.82,SGD,card_visa,approved,,psp_000382
383,352,2026-05-18 22:02:23,-53.82,SGD,card_visa,refunded,,psp_000383
384,353,2026-05-06 15:47:06,129.0,SGD,card_visa,declined,3ds_failed,psp_000384
385,354,2026-05-06 11:26:30,45.0,SGD,card_visa,declined,insufficient_funds,psp_000385
386,355,2026-05-07 18:25:27,104.9,SGD,card_visa,approved,,psp_000386
387,356,2026-05-07 20:48:37,306.0,SGD,card_mastercard,approved,,psp_000387
388,357,2026-05-07 22:07:39,24.0,SGD,bank_transfer,approved,,psp_000388
389,358,2026-05-07 17:08:14,224.4,SGD,grabpay,approved,,psp_000389
390,359,2026-05-07 21:55:05,197.25,SGD,card_mastercard,approved,,psp_000390
391,360,2026-05-07 22:17:46,45.0,SGD,card_mastercard,approved,,psp_000391
392,360,2026-05-14 22:17:46,-45.0,SGD,card_mastercard,refunded,,psp_000392
393,361,2026-05-07 21:38:48,167.9,SGD,card_visa,approved,,psp_000393
394,362,2026-05-07 17:29:19,12.9,SGD,card_mastercard,approved,,psp_000394
395,363,2026-05-07 16:52:42,45.6,SGD,card_amex,approved,,psp_000395
396,364,2026-05-07 14:03:44,113.81,SGD,card_visa,approved,,psp_000396
397,365,2026-05-07 11:29:18,90.0,SGD,grabpay,approved,,psp_000397
398,366,2026-05-08 12:43:29,32.9,SGD,card_visa,approved,,psp_000398
399,367,2026-05-08 21:00:42,380.55,SGD,card_amex,declined,expired_card,psp_000399
400,367,2026-05-08 21:59:42,380.55,SGD,card_amex,approved,,psp_000400
401,368,2026-05-08 10:38:59,24.0,SGD,card_visa,approved,,psp_000401
402,368,2026-05-14 10:38:59,-24.0,SGD,card_visa,refunded,,psp_000402
403,369,2026-05-08 19:29:10,64.8,SGD,card_visa,approved,,psp_000403
404,370,2026-05-08 20:06:34,158.0,SGD,card_visa,approved,,psp_000404
405,371,2026-05-08 12:35:30,75.05,SGD,paynow,approved,,psp_000405
406,372,2026-05-09 11:09:31,129.0,SGD,card_amex,approved,,psp_000406
407,372,2026-05-11 11:09:31,-129.0,SGD,card_amex,refunded,,psp_000407
408,373,2026-05-09 12:57:36,119.8,SGD,card_visa,approved,,psp_000408
409,374,2026-05-09 21:48:28,313.5,SGD,card_mastercard,approved,,psp_000409
410,375,2026-05-09 12:47:42,557.7,SGD,card_amex,approved,,psp_000410
411,376,2026-05-09 09:33:58,11.61,SGD,card_mastercard,approved,,psp_000411
412,377,2026-05-09 22:26:59,79.0,SGD,card_visa,approved,,psp_000412
413,378,2026-05-09 12:38:28,11.61,SGD,bank_transfer,declined,do_not_honour,psp_000413
414,379,2026-05-09 18:45:57,22.8,SGD,card_mastercard,approved,,psp_000414
415,380,2026-05-09 14:59:55,90.5,SGD,card_mastercard,approved,,psp_000415
416,381,2026-05-09 18:27:46,79.0,SGD,grabpay,approved,,psp_000416
417,382,2026-05-09 10:35:12,245.9,SGD,grabpay,approved,,psp_000417
418,383,2026-05-09 20:53:48,18.5,SGD,card_visa,approved,,psp_000418
419,384,2026-05-09 12:21:33,293.9,SGD,card_visa,approved,,psp_000419
420,385,2026-05-09 13:01:59,48.0,SGD,card_visa,approved,,psp_000420
421,385,2026-05-14 13:01:59,-48.0,SGD,card_visa,refunded,,psp_000421
422,386,2026-05-09 23:24:20,12.9,SGD,grabpay,approved,,psp_000422
423,387,2026-05-09 21:09:01,90.0,SGD,paynow,approved,,psp_000423
424,388,2026-05-09 20:14:28,57.25,SGD,card_visa,approved,,psp_000424
425,389,2026-05-09 21:18:10,245.1,SGD,card_mastercard,approved,,psp_000425
426,390,2026-05-10 14:01:08,129.0,SGD,paynow,approved,,psp_000426
427,391,2026-05-10 21:15:56,151.8,SGD,paynow,approved,,psp_000427
428,392,2026-05-10 17:26:47,212.6,SGD,card_mastercard,approved,,psp_000428
429,393,2026-05-10 18:07:02,189.0,SGD,paynow,approved,,psp_000429
430,393,2026-05-23 18:07:02,-189.0,SGD,paynow,refunded,,psp_000430
431,394,2026-05-10 21:47:05,45.0,SGD,card_amex,approved,,psp_000431
432,395,2026-05-10 15:28:28,277.2,SGD,card_visa,approved,,psp_000432
433,396,2026-05-10 14:12:29,11.61,SGD,card_mastercard,approved,,psp_000433
434,397,2026-05-10 00:12:09,170.55,SGD,card_mastercard,approved,,psp_000434
435,398,2026-05-10 15:17:06,29.61,SGD,grabpay,approved,,psp_000435
436,399,2026-05-10 14:39:45,189.0,SGD,card_mastercard,approved,,psp_000436
437,399,2026-05-16 14:39:45,-189.0,SGD,card_mastercard,refunded,,psp_000437
438,400,2026-05-10 23:42:02,85.5,SGD,paynow,approved,,psp_000438
439,401,2026-05-11 04:16:40,182.0,SGD,card_visa,approved,,psp_000439
440,402,2026-05-11 21:42:31,67.8,SGD,card_visa,approved,,psp_000440
441,403,2026-05-11 11:16:02,225.15,SGD,card_visa,approved,,psp_000441
442,404,2026-05-11 19:02:43,150.1,SGD,grabpay,approved,,psp_000442
443,405,2026-05-11 18:20:19,45.0,SGD,card_visa,approved,,psp_000443
444,406,2026-05-11 13:44:54,79.0,SGD,card_mastercard,approved,,psp_000444
445,407,2026-05-12 20:36:55,266.38,SGD,card_visa,approved,,psp_000445
446,408,2026-05-12 07:22:01,119.8,SGD,card_visa,approved,,psp_000446
447,408,2026-05-15 07:22:01,-119.8,SGD,card_visa,refunded,,psp_000447
448,409,2026-05-12 23:08:16,42.75,SGD,card_mastercard,approved,,psp_000448
449,410,2026-05-12 20:29:19,64.1,SGD,card_visa,approved,,psp_000449
450,411,2026-05-12 15:35:20,24.51,SGD,card_visa,approved,,psp_000450
451,412,2026-05-12 10:57:45,103.0,SGD,card_visa,approved,,psp_000451
452,413,2026-05-12 18:58:29,29.61,SGD,bank_transfer,approved,,psp_000452
453,414,2026-05-12 15:25:07,387.0,SGD,card_amex,approved,,psp_000453
454,415,2026-05-12 21:02:17,119.8,SGD,card_mastercard,approved,,psp_000454
455,416,2026-05-12 08:39:26,59.9,SGD,paynow,approved,,psp_000455
456,417,2026-05-13 09:29:02,158.0,SGD,card_mastercard,approved,,psp_000456
457,418,2026-05-13 18:32:29,59.9,SGD,grabpay,approved,,psp_000457
458,419,2026-05-13 13:55:42,129.0,SGD,card_mastercard,approved,,psp_000458
459,420,2026-05-13 11:55:29,189.0,SGD,card_visa,approved,,psp_000459
460,421,2026-05-13 17:39:07,233.46,SGD,card_visa,approved,,psp_000460
461,422,2026-05-13 13:08:10,104.9,SGD,grabpay,approved,,psp_000461
462,423,2026-05-13 12:35:33,115.4,SGD,card_visa,approved,,psp_000462
463,424,2026-05-13 13:43:55,104.9,SGD,card_visa,approved,,psp_000463
464,425,2026-05-13 14:12:32,170.1,SGD,paynow,approved,,psp_000464
465,426,2026-05-13 21:03:08,32.9,SGD,bank_transfer,approved,,psp_000465
466,427,2026-05-13 20:57:37,59.9,SGD,card_mastercard,approved,,psp_000466
467,427,2026-05-27 20:57:37,-59.9,SGD,card_mastercard,refunded,,psp_000467
468,428,2026-05-13 08:20:05,90.0,SGD,card_mastercard,approved,,psp_000468
469,429,2026-05-14 20:16:37,32.9,SGD,card_visa,approved,,psp_000469
470,430,2026-05-14 15:50:41,179.55,SGD,card_visa,approved,,psp_000470
471,431,2026-05-14 14:07:31,24.0,SGD,paynow,approved,,psp_000471
472,432,2026-05-14 22:06:19,65.8,SGD,card_mastercard,approved,,psp_000472
473,433,2026-05-14 05:13:22,311.25,SGD,card_visa,approved,,psp_000473
474,434,2026-05-14 11:55:00,24.0,SGD,paynow,approved,,psp_000474
475,435,2026-05-14 19:26:54,45.0,SGD,card_mastercard,approved,,psp_000475
476,436,2026-05-15 18:30:25,129.0,SGD,paynow,approved,,psp_000476
477,437,2026-05-15 22:44:36,249.5,SGD,card_visa,approved,,psp_000477
478,438,2026-05-15 20:18:16,40.5,SGD,card_visa,approved,,psp_000478
479,439,2026-05-15 17:24:16,24.0,SGD,card_visa,approved,,psp_000479
480,440,2026-05-15 21:10:36,151.8,SGD,card_mastercard,approved,,psp_000480
481,441,2026-05-15 08:08:27,80.15,SGD,paynow,approved,,psp_000481
482,442,2026-05-15 15:31:35,45.0,SGD,card_visa,approved,,psp_000482
483,443,2026-05-15 16:05:56,82.7,SGD,card_mastercard,approved,,psp_000483
484,444,2026-05-15 13:19:53,189.0,SGD,grabpay,approved,,psp_000484
485,445,2026-05-15 18:12:38,129.0,SGD,card_visa,approved,,psp_000485
486,446,2026-05-16 21:37:49,150.1,SGD,paynow,approved,,psp_000486
487,447,2026-05-16 14:52:34,42.75,SGD,card_mastercard,approved,,psp_000487
488,448,2026-05-16 09:22:21,59.9,SGD,card_mastercard,approved,,psp_000488
489,449,2026-05-16 16:56:20,122.9,SGD,card_visa,approved,,psp_000489
490,450,2026-05-16 13:21:27,87.95,SGD,card_visa,approved,,psp_000490
491,451,2026-05-16 17:35:57,59.9,SGD,grabpay,approved,,psp_000491
492,452,2026-05-16 18:31:45,189.0,SGD,paynow,approved,,psp_000492
493,453,2026-05-16 21:46:36,166.0,SGD,paynow,approved,,psp_000493
494,454,2026-05-16 23:04:21,18.5,SGD,paynow,approved,,psp_000494
495,455,2026-05-16 18:11:45,65.8,SGD,card_mastercard,approved,,psp_000495
496,456,2026-05-17 15:35:33,189.0,SGD,card_mastercard,approved,,psp_000496
497,457,2026-05-17 12:21:21,75.05,SGD,paynow,approved,,psp_000497
498,458,2026-05-17 19:57:05,90.0,SGD,card_mastercard,approved,,psp_000498
499,459,2026-05-17 23:54:14,11.61,SGD,card_mastercard,approved,,psp_000499
500,460,2026-05-17 10:36:23,170.1,SGD,card_visa,approved,,psp_000500
501,461,2026-05-17 06:28:42,32.9,SGD,card_visa,approved,,psp_000501
502,462,2026-05-17 22:37:34,157.67,SGD,card_visa,approved,,psp_000502
503,463,2026-05-17 06:13:35,90.0,SGD,card_mastercard,approved,,psp_000503
504,464,2026-05-17 21:13:16,144.05,SGD,card_mastercard,approved,,psp_000504
505,465,2026-05-17 22:26:20,115.55,SGD,card_mastercard,approved,,psp_000505
506,466,2026-05-17 11:04:29,56.9,SGD,card_mastercard,approved,,psp_000506
507,467,2026-05-17 17:39:24,16.65,SGD,card_visa,approved,,psp_000507
508,468,2026-05-17 16:14:05,387.0,SGD,card_visa,approved,,psp_000508
509,469,2026-05-17 14:44:09,124.0,SGD,card_mastercard,approved,,psp_000509
510,470,2026-05-17 12:27:04,34.83,SGD,card_visa,approved,,psp_000510
511,471,2026-05-17 12:54:32,79.0,SGD,card_visa,approved,,psp_000511
512,472,2026-05-18 13:28:41,145.65,SGD,card_visa,approved,,psp_000512
513,473,2026-05-18 16:19:59,32.9,SGD,card_amex,approved,,psp_000513
514,474,2026-05-18 11:22:19,75.05,SGD,card_mastercard,approved,,psp_000514
515,475,2026-05-18 20:11:41,59.9,SGD,paynow,approved,,psp_000515
516,476,2026-05-18 15:24:35,45.0,SGD,card_visa,approved,,psp_000516
517,477,2026-05-18 13:58:22,79.0,SGD,card_visa,approved,,psp_000517
518,478,2026-05-18 14:23:02,18.5,SGD,card_mastercard,approved,,psp_000518
519,479,2026-05-18 12:48:29,158.0,SGD,bank_transfer,approved,,psp_000519
520,480,2026-05-18 10:15:14,342.0,SGD,card_mastercard,approved,,psp_000520
521,481,2026-05-18 12:18:40,189.0,SGD,grabpay,declined,3ds_failed,psp_000521
522,481,2026-05-18 12:34:40,189.0,SGD,grabpay,approved,,psp_000522
523,482,2026-05-18 11:43:01,153.0,SGD,paynow,declined,gateway_timeout,psp_000523
524,483,2026-05-18 17:48:11,174.0,SGD,card_visa,approved,,psp_000524
525,484,2026-05-18 17:44:18,129.0,SGD,paynow,approved,,psp_000525
526,485,2026-05-19 21:02:35,62.57,SGD,paynow,approved,,psp_000526
527,486,2026-05-19 12:05:56,135.0,SGD,card_visa,approved,,psp_000527
528,487,2026-05-19 22:29:29,59.9,SGD,grabpay,approved,,psp_000528
529,488,2026-05-20 00:08:55,37.0,SGD,card_mastercard,approved,,psp_000529
530,489,2026-05-19 15:05:45,129.0,SGD,card_mastercard,approved,,psp_000530
531,490,2026-05-19 13:45:24,32.9,SGD,card_visa,approved,,psp_000531
532,491,2026-05-19 12:49:12,40.5,SGD,card_visa,declined,gateway_timeout,psp_000532
533,491,2026-05-19 13:05:12,40.5,SGD,card_visa,approved,,psp_000533
534,492,2026-05-19 08:22:47,45.6,SGD,card_mastercard,approved,,psp_000534
535,493,2026-05-19 23:06:01,45.0,SGD,paynow,approved,,psp_000535
536,494,2026-05-19 13:43:40,186.05,SGD,card_visa,approved,,psp_000536
537,494,2026-05-24 13:43:40,-186.05,SGD,card_visa,refunded,,psp_000537
538,495,2026-05-19 12:43:24,158.0,SGD,card_visa,approved,,psp_000538
539,496,2026-05-19 17:04:44,56.9,SGD,card_visa,approved,,psp_000539
540,497,2026-05-19 18:16:12,18.5,SGD,grabpay,approved,,psp_000540
541,498,2026-05-19 15:36:04,258.0,SGD,paynow,approved,,psp_000541
542,499,2026-05-19 19:10:53,79.0,SGD,card_mastercard,approved,,psp_000542
543,500,2026-05-19 14:48:33,237.0,SGD,paynow,approved,,psp_000543
544,501,2026-05-19 21:44:42,155.8,SGD,card_mastercard,approved,,psp_000544
545,502,2026-05-19 22:47:29,43.2,SGD,card_mastercard,approved,,psp_000545
546,503,2026-05-19 07:16:40,24.0,SGD,paynow,declined,insufficient_funds,psp_000546
547,503,2026-05-19 08:28:40,24.0,SGD,paynow,approved,,psp_000547
548,504,2026-05-19 21:07:33,32.9,SGD,card_visa,approved,,psp_000548
549,505,2026-05-19 22:27:17,189.0,SGD,grabpay,approved,,psp_000549
550,506,2026-05-20 15:28:56,12.9,SGD,card_visa,approved,,psp_000550
551,507,2026-05-20 18:32:40,90.0,SGD,grabpay,approved,,psp_000551
552,508,2026-05-20 18:42:02,225.15,SGD,card_visa,approved,,psp_000552
553,509,2026-05-20 22:23:46,248.76,SGD,card_mastercard,approved,,psp_000553
554,510,2026-05-20 12:16:23,59.9,SGD,card_visa,approved,,psp_000554
555,511,2026-05-20 18:20:36,189.0,SGD,card_visa,approved,,psp_000555
556,512,2026-05-20 09:31:39,434.9,SGD,card_visa,approved,,psp_000556
557,513,2026-05-20 20:32:58,90.8,SGD,card_visa,declined,3ds_failed,psp_000557
558,514,2026-05-20 19:22:51,59.9,SGD,card_visa,approved,,psp_000558
559,515,2026-05-20 21:04:11,24.0,SGD,card_amex,approved,,psp_000559
560,516,2026-05-20 19:45:54,37.0,SGD,card_visa,declined,expired_card,psp_000560
561,516,2026-05-20 20:59:54,37.0,SGD,card_visa,approved,,psp_000561
562,517,2026-05-20 20:21:05,59.9,SGD,card_visa,approved,,psp_000562
563,518,2026-05-20 21:12:08,24.0,SGD,paynow,approved,,psp_000563
564,519,2026-05-20 13:05:08,189.0,SGD,grabpay,approved,,psp_000564
565,520,2026-05-20 17:51:33,59.9,SGD,paynow,approved,,psp_000565
566,521,2026-05-20 22:51:52,154.05,SGD,card_visa,declined,gateway_timeout,psp_000566
567,521,2026-05-20 23:04:52,154.05,SGD,card_visa,approved,,psp_000567
568,522,2026-05-20 20:58:53,21.6,SGD,paynow,approved,,psp_000568
569,523,2026-05-21 09:09:12,213.0,SGD,paynow,approved,,psp_000569
570,524,2026-05-21 19:27:35,59.9,SGD,card_visa,approved,,psp_000570
571,525,2026-05-21 15:36:17,140.9,SGD,grabpay,approved,,psp_000571
572,526,2026-05-21 22:09:06,221.2,SGD,card_visa,approved,,psp_000572
573,527,2026-05-21 20:55:32,11.61,SGD,card_visa,approved,,psp_000573
574,528,2026-05-21 12:31:04,189.0,SGD,card_visa,approved,,psp_000574
575,529,2026-05-21 22:01:22,257.4,SGD,card_visa,approved,,psp_000575
576,530,2026-05-21 13:36:11,170.1,SGD,card_visa,approved,,psp_000576
577,531,2026-05-21 23:21:46,104.9,SGD,card_mastercard,approved,,psp_000577
578,532,2026-05-21 20:07:38,207.5,SGD,card_visa,approved,,psp_000578
579,533,2026-05-21 21:53:13,283.91,SGD,card_visa,approved,,psp_000579
580,534,2026-05-21 13:31:48,179.7,SGD,card_mastercard,approved,,psp_000580
581,535,2026-05-21 08:05:07,173.71,SGD,card_mastercard,approved,,psp_000581
582,536,2026-05-22 22:23:53,90.0,SGD,card_mastercard,approved,,psp_000582
583,537,2026-05-22 19:55:44,145.65,SGD,card_mastercard,approved,,psp_000583
584,538,2026-05-22 14:41:51,65.8,SGD,card_visa,approved,,psp_000584
585,539,2026-05-22 14:11:55,243.51,SGD,card_visa,approved,,psp_000585
586,540,2026-05-22 11:41:42,176.81,SGD,card_visa,approved,,psp_000586
587,541,2026-05-22 18:14:58,179.7,SGD,card_mastercard,approved,,psp_000587
588,542,2026-05-22 15:47:22,53.91,SGD,card_amex,approved,,psp_000588
589,543,2026-05-23 19:50:28,410.9,SGD,card_visa,approved,,psp_000589
590,544,2026-05-23 10:28:14,43.2,SGD,card_mastercard,approved,,psp_000590
591,544,2026-05-27 10:28:14,-43.2,SGD,card_mastercard,refunded,,psp_000591
592,545,2026-05-23 21:56:14,32.9,SGD,paynow,approved,,psp_000592
593,546,2026-05-23 20:07:56,42.75,SGD,paynow,approved,,psp_000593
594,547,2026-05-23 17:21:36,134.95,SGD,card_mastercard,approved,,psp_000594
595,548,2026-05-23 09:07:03,62.5,SGD,card_visa,approved,,psp_000595
596,549,2026-05-23 19:00:01,79.0,SGD,card_mastercard,approved,,psp_000596
597,550,2026-05-23 20:55:53,45.0,SGD,paynow,approved,,psp_000597
598,551,2026-05-23 19:18:46,132.7,SGD,card_visa,approved,,psp_000598
599,552,2026-05-23 21:12:33,25.8,SGD,card_visa,approved,,psp_000599
600,553,2026-05-23 17:29:05,262.55,SGD,card_mastercard,approved,,psp_000600
601,554,2026-05-23 17:45:46,237.0,SGD,card_visa,approved,,psp_000601
602,555,2026-05-23 17:40:46,45.0,SGD,card_mastercard,approved,,psp_000602
603,556,2026-05-24 22:12:15,11.61,SGD,paynow,approved,,psp_000603
604,557,2026-05-24 14:30:12,104.9,SGD,card_visa,approved,,psp_000604
605,558,2026-05-24 21:28:06,258.0,SGD,card_mastercard,approved,,psp_000605
606,559,2026-05-24 20:29:06,18.5,SGD,card_mastercard,approved,,psp_000606
607,560,2026-05-24 11:48:59,402.0,SGD,card_mastercard,approved,,psp_000607
608,561,2026-05-24 19:30:51,18.5,SGD,card_visa,approved,,psp_000608
609,562,2026-05-24 19:36:37,92.8,SGD,card_visa,approved,,psp_000609
610,563,2026-05-24 22:41:40,45.0,SGD,grabpay,approved,,psp_000610
611,563,2026-06-03 22:41:40,-45.0,SGD,grabpay,refunded,,psp_000611
612,564,2026-05-24 10:29:08,29.61,SGD,paynow,approved,,psp_000612
613,565,2026-05-24 10:38:11,79.0,SGD,card_mastercard,approved,,psp_000613
614,566,2026-05-24 20:03:53,45.0,SGD,grabpay,approved,,psp_000614
615,567,2026-05-24 09:24:12,98.7,SGD,grabpay,approved,,psp_000615
616,568,2026-05-24 16:00:11,226.5,SGD,card_mastercard,approved,,psp_000616
617,569,2026-05-24 20:04:14,48.0,SGD,card_visa,approved,,psp_000617
618,570,2026-05-25 20:29:17,218.63,SGD,card_visa,approved,,psp_000618
619,571,2026-05-25 22:16:10,149.9,SGD,card_visa,approved,,psp_000619
620,572,2026-05-25 23:30:55,131.95,SGD,card_visa,approved,,psp_000620
621,573,2026-05-25 11:39:15,38.7,SGD,paynow,approved,,psp_000621
622,574,2026-05-25 17:29:11,119.8,SGD,grabpay,approved,,psp_000622
623,575,2026-05-25 09:27:03,90.0,SGD,paynow,approved,,psp_000623
624,576,2026-05-25 14:43:21,21.6,SGD,card_visa,approved,,psp_000624
625,577,2026-05-26 17:04:21,12.9,SGD,grabpay,approved,,psp_000625
626,578,2026-05-26 16:47:43,65.8,SGD,paynow,approved,,psp_000626
627,579,2026-05-26 09:49:32,234.4,SGD,card_amex,approved,,psp_000627
628,580,2026-05-26 13:50:07,12.25,SGD,paynow,approved,,psp_000628
629,581,2026-05-26 22:13:46,48.0,SGD,card_visa,approved,,psp_000629
630,582,2026-05-26 11:57:01,79.0,SGD,paynow,approved,,psp_000630
631,583,2026-05-26 13:30:23,24.0,SGD,bank_transfer,approved,,psp_000631
632,584,2026-05-26 10:58:53,75.05,SGD,card_visa,approved,,psp_000632
633,585,2026-05-26 10:52:06,112.05,SGD,card_mastercard,approved,,psp_000633
634,586,2026-05-26 19:54:23,72.36,SGD,paynow,approved,,psp_000634
635,587,2026-05-26 21:33:20,16.65,SGD,grabpay,approved,,psp_000635
636,587,2026-06-01 21:33:20,-16.65,SGD,grabpay,refunded,,psp_000636
637,588,2026-05-27 08:54:24,79.0,SGD,card_visa,approved,,psp_000637
638,589,2026-05-27 16:16:22,32.9,SGD,card_visa,declined,expired_card,psp_000638
639,590,2026-05-27 20:48:49,90.0,SGD,card_visa,declined,expired_card,psp_000639
640,590,2026-05-27 22:15:49,90.0,SGD,card_visa,approved,,psp_000640
641,591,2026-05-27 14:08:42,391.65,SGD,grabpay,approved,,psp_000641
642,592,2026-05-27 10:35:16,24.0,SGD,card_amex,approved,,psp_000642
643,593,2026-05-27 13:11:28,248.22,SGD,card_mastercard,approved,,psp_000643
644,594,2026-05-27 14:39:02,25.8,SGD,card_visa,approved,,psp_000644
645,595,2026-05-27 21:36:50,48.0,SGD,card_mastercard,approved,,psp_000645
646,596,2026-05-27 15:51:54,56.9,SGD,card_visa,approved,,psp_000646
647,597,2026-05-27 12:20:45,121.5,SGD,card_amex,approved,,psp_000647
648,598,2026-05-27 16:14:48,40.5,SGD,card_visa,approved,,psp_000648
649,599,2026-05-28 11:23:22,12.9,SGD,card_amex,declined,do_not_honour,psp_000649
650,599,2026-05-28 11:40:22,12.9,SGD,card_amex,approved,,psp_000650
651,600,2026-05-28 16:57:45,45.0,SGD,paynow,approved,,psp_000651
652,601,2026-05-28 12:34:12,90.0,SGD,card_amex,approved,,psp_000652
653,602,2026-05-28 20:26:13,182.0,SGD,card_visa,approved,,psp_000653
654,603,2026-05-28 23:23:36,16.65,SGD,card_visa,approved,,psp_000654
655,604,2026-05-28 09:48:54,12.25,SGD,card_mastercard,approved,,psp_000655
656,605,2026-05-28 17:36:07,24.0,SGD,bank_transfer,approved,,psp_000656
657,606,2026-05-28 12:57:47,85.5,SGD,card_visa,approved,,psp_000657
658,607,2026-05-28 23:31:00,41.57,SGD,paynow,approved,,psp_000658
659,608,2026-05-29 06:59:52,98.91,SGD,grabpay,approved,,psp_000659
660,609,2026-05-29 17:32:28,218.5,SGD,card_amex,approved,,psp_000660
661,610,2026-05-29 19:27:43,170.1,SGD,card_visa,approved,,psp_000661
662,611,2026-05-30 00:16:45,119.8,SGD,paynow,approved,,psp_000662
663,612,2026-05-29 21:31:36,59.9,SGD,paynow,approved,,psp_000663
664,613,2026-05-29 12:54:52,79.0,SGD,card_mastercard,approved,,psp_000664
665,614,2026-05-29 19:26:12,65.8,SGD,card_amex,approved,,psp_000665
666,615,2026-05-29 21:45:29,48.0,SGD,grabpay,approved,,psp_000666
667,616,2026-05-29 20:15:41,152.51,SGD,paynow,approved,,psp_000667
668,617,2026-05-30 15:01:55,69.0,SGD,card_visa,approved,,psp_000668
669,618,2026-05-30 17:04:35,129.0,SGD,grabpay,approved,,psp_000669
670,619,2026-05-30 19:23:44,40.5,SGD,card_visa,approved,,psp_000670
671,620,2026-05-30 06:31:26,378.0,SGD,card_mastercard,approved,,psp_000671
672,621,2026-05-30 13:55:12,61.65,SGD,paynow,declined,gateway_timeout,psp_000672
673,621,2026-05-30 15:08:12,61.65,SGD,paynow,approved,,psp_000673
674,622,2026-05-30 14:54:07,56.9,SGD,card_mastercard,approved,,psp_000674
675,623,2026-05-30 20:40:27,378.0,SGD,card_mastercard,approved,,psp_000675
676,624,2026-05-30 13:01:30,71.1,SGD,card_mastercard,approved,,psp_000676
677,625,2026-05-30 19:32:00,62.51,SGD,card_mastercard,declined,gateway_timeout,psp_000677
678,625,2026-05-30 19:40:00,62.51,SGD,card_mastercard,approved,,psp_000678
679,626,2026-05-30 11:25:22,179.55,SGD,bank_transfer,approved,,psp_000679
680,627,2026-05-30 18:14:29,21.6,SGD,paynow,declined,insufficient_funds,psp_000680
681,627,2026-05-30 19:00:29,21.6,SGD,paynow,approved,,psp_000681
682,628,2026-05-30 20:30:42,62.51,SGD,card_mastercard,approved,,psp_000682
683,629,2026-05-30 14:24:39,371.1,SGD,card_visa,approved,,psp_000683
684,630,2026-05-30 17:51:18,37.0,SGD,paynow,approved,,psp_000684
685,631,2026-05-30 22:15:51,59.9,SGD,card_visa,approved,,psp_000685
686,632,2026-05-30 15:23:35,24.0,SGD,paynow,approved,,psp_000686
687,633,2026-05-31 11:36:22,153.1,SGD,paynow,approved,,psp_000687
688,634,2026-05-31 20:24:33,24.0,SGD,card_mastercard,approved,,psp_000688
689,635,2026-05-31 23:15:02,121.5,SGD,paynow,approved,,psp_000689
690,636,2026-05-31 06:23:26,79.0,SGD,paynow,approved,,psp_000690
691,637,2026-05-31 21:47:36,75.05,SGD,card_visa,approved,,psp_000691
692,638,2026-05-31 22:01:21,24.0,SGD,card_visa,approved,,psp_000692
693,639,2026-05-31 19:47:09,77.9,SGD,card_visa,approved,,psp_000693
694,640,2026-05-31 11:13:28,12.25,SGD,card_visa,approved,,psp_000694
695,641,2026-05-31 11:34:54,53.91,SGD,card_visa,approved,,psp_000695
696,642,2026-05-31 10:49:08,42.75,SGD,card_visa,approved,,psp_000696
697,643,2026-05-31 12:20:16,57.05,SGD,paynow,approved,,psp_000697
698,644,2026-06-01 10:44:14,111.6,SGD,grabpay,approved,,psp_000698
699,645,2026-06-01 23:08:28,45.0,SGD,grabpay,approved,,psp_000699
700,646,2026-06-01 11:17:26,45.0,SGD,card_visa,approved,,psp_000700
701,647,2026-06-01 19:06:25,86.66,SGD,card_visa,approved,,psp_000701
702,648,2026-06-01 19:42:01,72.0,SGD,paynow,approved,,psp_000702
703,649,2026-06-01 16:51:56,292.3,SGD,card_mastercard,approved,,psp_000703
704,650,2026-06-01 09:23:58,59.9,SGD,grabpay,approved,,psp_000704
705,651,2026-06-01 20:28:23,75.05,SGD,card_visa,approved,,psp_000705
706,652,2026-06-01 21:21:27,396.5,SGD,paynow,approved,,psp_000706
707,653,2026-06-01 10:33:02,113.9,SGD,grabpay,approved,,psp_000707
708,654,2026-06-01 13:22:39,138.9,SGD,card_mastercard,approved,,psp_000708
709,655,2026-06-01 21:08:48,40.5,SGD,card_amex,approved,,psp_000709
710,656,2026-06-01 06:28:39,79.0,SGD,card_mastercard,approved,,psp_000710
711,657,2026-06-01 10:06:10,414.25,SGD,card_visa,approved,,psp_000711
712,658,2026-06-02 15:19:14,186.75,SGD,card_visa,approved,,psp_000712
713,659,2026-06-02 11:02:03,140.1,SGD,card_visa,declined,3ds_failed,psp_000713
714,659,2026-06-02 12:25:03,140.1,SGD,card_visa,approved,,psp_000714
715,660,2026-06-02 13:00:51,437.55,SGD,card_visa,declined,do_not_honour,psp_000715
716,661,2026-06-02 13:44:16,32.9,SGD,paynow,approved,,psp_000716
717,662,2026-06-02 13:50:27,59.9,SGD,grabpay,approved,,psp_000717
718,663,2026-06-02 18:12:23,37.0,SGD,card_amex,approved,,psp_000718
719,664,2026-06-02 20:05:25,56.61,SGD,card_visa,approved,,psp_000719
720,665,2026-06-02 13:44:50,147.5,SGD,card_mastercard,approved,,psp_000720
721,666,2026-06-02 19:51:00,189.0,SGD,card_mastercard,approved,,psp_000721
722,667,2026-06-02 15:13:30,121.9,SGD,card_mastercard,approved,,psp_000722
723,668,2026-06-02 14:00:18,59.9,SGD,grabpay,approved,,psp_000723
724,669,2026-06-02 13:06:46,113.81,SGD,paynow,approved,,psp_000724
725,670,2026-06-03 22:02:17,45.0,SGD,paynow,approved,,psp_000725
726,671,2026-06-03 10:36:16,189.0,SGD,paynow,approved,,psp_000726
727,672,2026-06-03 22:05:19,174.0,SGD,card_amex,approved,,psp_000727
728,672,2026-06-11 22:05:19,-174.0,SGD,card_amex,refunded,,psp_000728
729,673,2026-06-03 08:44:42,79.0,SGD,card_visa,approved,,psp_000729
730,674,2026-06-03 21:22:35,77.9,SGD,card_visa,approved,,psp_000730
731,675,2026-06-03 16:45:45,35.15,SGD,card_visa,approved,,psp_000731
732,676,2026-06-03 10:24:56,109.5,SGD,card_visa,approved,,psp_000732
733,677,2026-06-03 10:59:05,12.25,SGD,paynow,approved,,psp_000733
734,678,2026-06-03 19:04:24,12.9,SGD,card_visa,approved,,psp_000734
735,679,2026-06-03 19:57:19,24.0,SGD,paynow,approved,,psp_000735
736,680,2026-06-03 12:15:52,543.75,SGD,card_visa,approved,,psp_000736
737,681,2026-06-03 18:26:36,24.0,SGD,card_amex,approved,,psp_000737
738,682,2026-06-03 18:50:18,567.0,SGD,card_mastercard,approved,,psp_000738
739,683,2026-06-03 18:29:59,192.5,SGD,card_mastercard,approved,,psp_000739
740,684,2026-06-03 09:20:35,246.9,SGD,paynow,approved,,psp_000740
741,685,2026-06-03 22:28:43,158.0,SGD,grabpay,approved,,psp_000741
742,686,2026-06-03 16:53:32,378.0,SGD,card_mastercard,approved,,psp_000742
743,687,2026-06-04 12:09:04,45.0,SGD,card_mastercard,approved,,psp_000743
744,688,2026-06-04 06:52:53,32.9,SGD,card_mastercard,approved,,psp_000744
745,689,2026-06-04 12:30:45,72.8,SGD,card_mastercard,approved,,psp_000745
746,690,2026-06-04 22:54:53,132.91,SGD,card_visa,approved,,psp_000746
747,691,2026-06-04 20:11:59,12.25,SGD,card_visa,approved,,psp_000747
748,692,2026-06-04 13:25:55,42.75,SGD,grabpay,approved,,psp_000748
749,693,2026-06-04 19:42:51,37.0,SGD,card_visa,approved,,psp_000749
750,694,2026-06-04 12:21:33,129.0,SGD,grabpay,approved,,psp_000750
751,695,2026-06-04 19:01:35,77.9,SGD,card_visa,approved,,psp_000751
752,696,2026-06-04 08:24:29,237.4,SGD,paynow,declined,gateway_timeout,psp_000752
753,697,2026-06-04 09:56:34,56.9,SGD,card_visa,approved,,psp_000753
754,698,2026-06-04 14:14:49,79.0,SGD,card_visa,approved,,psp_000754
755,699,2026-06-05 12:56:19,237.0,SGD,card_mastercard,declined,gateway_timeout,psp_000755
756,699,2026-06-05 14:25:19,237.0,SGD,card_mastercard,approved,,psp_000756
757,700,2026-06-05 13:33:46,87.95,SGD,card_amex,approved,,psp_000757
758,700,2026-06-09 13:33:46,-87.95,SGD,card_amex,refunded,,psp_000758
759,701,2026-06-05 19:08:36,179.6,SGD,card_visa,approved,,psp_000759
760,702,2026-06-05 09:31:27,166.2,SGD,card_visa,approved,,psp_000760
761,703,2026-06-05 14:13:13,37.0,SGD,paynow,approved,,psp_000761
762,704,2026-06-05 18:33:51,175.57,SGD,card_mastercard,approved,,psp_000762
763,705,2026-06-05 13:13:19,52.41,SGD,paynow,approved,,psp_000763
764,706,2026-06-05 13:21:34,56.9,SGD,card_visa,approved,,psp_000764
765,707,2026-06-05 18:33:23,179.45,SGD,card_visa,approved,,psp_000765
766,708,2026-06-05 11:55:27,24.0,SGD,card_visa,approved,,psp_000766
767,709,2026-06-06 21:46:17,189.0,SGD,card_visa,approved,,psp_000767
768,710,2026-06-06 13:58:12,147.5,SGD,card_mastercard,approved,,psp_000768
769,711,2026-06-06 22:56:37,253.1,SGD,card_amex,approved,,psp_000769
770,711,2026-06-08 22:56:37,-253.1,SGD,card_amex,refunded,,psp_000770
771,712,2026-06-06 08:09:59,189.0,SGD,paynow,approved,,psp_000771
772,713,2026-06-06 22:25:42,48.0,SGD,paynow,approved,,psp_000772
773,714,2026-06-06 13:40:20,18.5,SGD,card_visa,approved,,psp_000773
774,715,2026-06-06 09:17:23,18.5,SGD,card_visa,approved,,psp_000774
775,716,2026-06-06 11:25:27,18.5,SGD,card_visa,approved,,psp_000775
776,717,2026-06-06 23:06:31,59.9,SGD,card_mastercard,approved,,psp_000776
777,718,2026-06-06 15:27:36,12.9,SGD,card_mastercard,approved,,psp_000777
778,719,2026-06-06 14:19:17,119.65,SGD,card_mastercard,approved,,psp_000778
779,720,2026-06-06 12:42:24,62.51,SGD,card_visa,approved,,psp_000779
780,721,2026-06-06 08:21:48,135.0,SGD,card_mastercard,approved,,psp_000780
781,722,2026-06-06 02:30:45,481.8,SGD,grabpay,approved,,psp_000781
782,723,2026-06-06 12:06:14,69.0,SGD,paynow,approved,,psp_000782
783,724,2026-06-06 21:09:42,42.75,SGD,card_visa,approved,,psp_000783
784,725,2026-06-06 19:46:59,24.0,SGD,card_mastercard,approved,,psp_000784
785,726,2026-06-07 06:32:18,567.0,SGD,card_visa,declined,3ds_failed,psp_000785
786,726,2026-06-07 06:45:18,567.0,SGD,card_visa,approved,,psp_000786
787,727,2026-06-07 09:44:07,197.7,SGD,paynow,approved,,psp_000787
788,728,2026-06-07 23:48:50,24.0,SGD,card_visa,approved,,psp_000788
789,729,2026-06-07 14:39:15,45.0,SGD,card_mastercard,approved,,psp_000789
790,730,2026-06-07 10:13:13,45.0,SGD,card_visa,approved,,psp_000790
791,731,2026-06-07 18:53:37,75.05,SGD,card_mastercard,approved,,psp_000791
792,732,2026-06-07 14:41:57,135.0,SGD,grabpay,approved,,psp_000792
793,733,2026-06-07 20:57:53,18.5,SGD,card_visa,approved,,psp_000793
794,734,2026-06-07 12:05:28,151.8,SGD,card_mastercard,approved,,psp_000794
795,735,2026-06-07 21:47:04,24.0,SGD,card_mastercard,approved,,psp_000795
796,736,2026-06-07 14:00:58,24.0,SGD,card_mastercard,approved,,psp_000796
797,737,2026-06-07 16:21:23,24.0,SGD,bank_transfer,declined,insufficient_funds,psp_000797
798,737,2026-06-07 16:35:23,24.0,SGD,bank_transfer,approved,,psp_000798
799,738,2026-06-07 18:55:15,12.9,SGD,card_visa,declined,insufficient_funds,psp_000799
800,738,2026-06-07 19:28:15,12.9,SGD,card_visa,approved,,psp_000800
801,739,2026-06-07 08:10:09,295.5,SGD,card_visa,approved,,psp_000801
802,740,2026-06-07 22:33:52,152.76,SGD,paynow,approved,,psp_000802
803,741,2026-06-07 02:45:46,104.9,SGD,card_visa,approved,,psp_000803
804,742,2026-06-08 07:50:44,429.75,SGD,card_mastercard,approved,,psp_000804
805,743,2026-06-08 23:03:11,359.1,SGD,card_mastercard,approved,,psp_000805
806,744,2026-06-08 11:58:12,158.61,SGD,card_mastercard,approved,,psp_000806
807,745,2026-06-08 16:08:03,307.95,SGD,paynow,approved,,psp_000807
808,746,2026-06-08 16:59:00,12.25,SGD,card_mastercard,approved,,psp_000808
809,747,2026-06-08 18:40:28,12.25,SGD,card_visa,approved,,psp_000809
810,748,2026-06-08 04:20:34,59.9,SGD,card_mastercard,approved,,psp_000810
811,749,2026-06-08 17:24:45,45.0,SGD,card_mastercard,approved,,psp_000811
812,750,2026-06-08 21:37:29,270.3,SGD,card_amex,approved,,psp_000812
813,751,2026-06-08 21:16:35,122.55,SGD,card_visa,approved,,psp_000813
814,752,2026-06-08 13:28:40,189.0,SGD,grabpay,approved,,psp_000814
815,753,2026-06-08 20:29:55,31.25,SGD,card_mastercard,approved,,psp_000815
816,754,2026-06-09 23:51:48,89.8,SGD,card_visa,approved,,psp_000816
817,755,2026-06-09 19:44:41,85.5,SGD,card_visa,approved,,psp_000817
818,756,2026-06-09 21:50:24,56.9,SGD,card_mastercard,approved,,psp_000818
819,757,2026-06-09 09:04:13,203.55,SGD,card_visa,approved,,psp_000819
820,758,2026-06-09 10:00:16,53.91,SGD,card_visa,approved,,psp_000820
821,759,2026-06-09 22:12:38,567.8,SGD,card_mastercard,declined,expired_card,psp_000821
822,760,2026-06-09 19:04:51,150.1,SGD,card_mastercard,approved,,psp_000822
823,761,2026-06-09 21:16:45,37.0,SGD,paynow,approved,,psp_000823
824,762,2026-06-09 06:23:17,45.0,SGD,card_visa,approved,,psp_000824
825,763,2026-06-09 21:25:47,140.9,SGD,card_mastercard,declined,gateway_timeout,psp_000825
826,763,2026-06-09 22:39:47,140.9,SGD,card_mastercard,approved,,psp_000826
827,764,2026-06-09 23:46:10,274.5,SGD,grabpay,approved,,psp_000827
828,765,2026-06-09 11:47:33,12.25,SGD,card_amex,approved,,psp_000828
829,766,2026-06-09 23:30:44,189.0,SGD,grabpay,approved,,psp_000829
830,767,2026-06-10 21:38:39,32.9,SGD,card_visa,declined,gateway_timeout,psp_000830
831,768,2026-06-10 15:36:57,17.57,SGD,card_amex,declined,gateway_timeout,psp_000831
832,769,2026-06-10 09:57:37,122.55,SGD,card_visa,approved,,psp_000832
833,770,2026-06-10 19:02:04,72.0,SGD,bank_transfer,declined,gateway_timeout,psp_000833
834,771,2026-06-10 13:18:17,151.8,SGD,card_visa,declined,gateway_timeout,psp_000834
835,772,2026-06-10 18:45:53,45.0,SGD,card_visa,approved,,psp_000835
836,773,2026-06-10 15:06:03,12.9,SGD,card_mastercard,declined,gateway_timeout,psp_000836
837,773,2026-06-10 15:44:03,12.9,SGD,card_mastercard,approved,,psp_000837
838,774,2026-06-10 08:04:17,75.05,SGD,paynow,declined,gateway_timeout,psp_000838
839,774,2026-06-10 08:22:17,75.05,SGD,paynow,approved,,psp_000839
840,775,2026-06-10 19:23:27,122.55,SGD,card_amex,declined,gateway_timeout,psp_000840
841,775,2026-06-10 19:50:27,122.55,SGD,card_amex,approved,,psp_000841
842,776,2026-06-10 03:55:55,237.0,SGD,card_visa,declined,gateway_timeout,psp_000842
843,777,2026-06-10 15:28:51,42.75,SGD,card_visa,approved,,psp_000843
844,778,2026-06-10 12:27:47,18.5,SGD,card_visa,declined,gateway_timeout,psp_000844
845,778,2026-06-10 12:46:47,18.5,SGD,card_visa,approved,,psp_000845
846,779,2026-06-10 07:42:21,45.0,SGD,grabpay,approved,,psp_000846
847,780,2026-06-11 17:50:15,45.0,SGD,card_visa,declined,3ds_failed,psp_000847
848,780,2026-06-11 18:49:15,45.0,SGD,card_visa,approved,,psp_000848
849,781,2026-06-11 08:03:25,45.0,SGD,card_visa,approved,,psp_000849
850,782,2026-06-11 20:13:58,72.8,SGD,card_visa,approved,,psp_000850
851,783,2026-06-11 20:05:51,387.0,SGD,card_visa,approved,,psp_000851
852,784,2026-06-11 19:43:22,43.2,SGD,grabpay,approved,,psp_000852
853,785,2026-06-11 18:03:22,72.0,SGD,card_visa,approved,,psp_000853
854,786,2026-06-11 06:48:52,45.0,SGD,bank_transfer,approved,,psp_000854
855,787,2026-06-11 20:16:21,488.1,SGD,card_visa,approved,,psp_000855
856,788,2026-06-11 22:51:50,31.25,SGD,paynow,approved,,psp_000856
857,789,2026-06-11 11:21:39,179.7,SGD,card_visa,approved,,psp_000857
858,790,2026-06-11 19:20:57,72.8,SGD,card_mastercard,approved,,psp_000858
859,791,2026-06-11 22:21:44,170.25,SGD,card_visa,approved,,psp_000859
860,792,2026-06-11 16:20:50,90.0,SGD,paynow,approved,,psp_000860
861,793,2026-06-11 09:22:02,224.7,SGD,paynow,approved,,psp_000861
862,794,2026-06-12 13:41:33,435.0,SGD,card_amex,approved,,psp_000862
863,795,2026-06-12 11:52:32,45.8,SGD,card_mastercard,approved,,psp_000863
864,796,2026-06-12 09:09:26,29.61,SGD,card_visa,approved,,psp_000864
865,797,2026-06-12 16:55:25,90.0,SGD,paynow,approved,,psp_000865
866,798,2026-06-12 18:28:52,56.9,SGD,grabpay,approved,,psp_000866
867,799,2026-06-12 01:49:09,18.5,SGD,card_amex,approved,,psp_000867
868,799,2026-06-21 01:49:09,-18.5,SGD,card_amex,refunded,,psp_000868
869,800,2026-06-12 16:12:22,340.3,SGD,card_mastercard,approved,,psp_000869
870,801,2026-06-12 11:36:01,119.8,SGD,paynow,approved,,psp_000870
871,802,2026-06-12 19:57:35,567.0,SGD,paynow,approved,,psp_000871
872,803,2026-06-13 18:46:41,24.0,SGD,bank_transfer,approved,,psp_000872
873,804,2026-06-13 14:31:18,59.9,SGD,card_visa,approved,,psp_000873
874,805,2026-06-13 21:21:35,585.5,SGD,card_mastercard,approved,,psp_000874
875,806,2026-06-13 21:14:40,101.9,SGD,card_mastercard,declined,gateway_timeout,psp_000875
876,807,2026-06-13 21:53:04,179.95,SGD,card_mastercard,approved,,psp_000876
877,808,2026-06-13 07:13:58,90.0,SGD,card_mastercard,approved,,psp_000877
878,809,2026-06-13 13:48:28,201.0,SGD,card_visa,approved,,psp_000878
879,809,2026-06-27 13:48:28,-201.0,SGD,card_visa,refunded,,psp_000879
880,810,2026-06-13 09:31:12,189.0,SGD,grabpay,approved,,psp_000880
881,811,2026-06-13 13:25:32,443.9,SGD,card_mastercard,approved,,psp_000881
882,812,2026-06-13 12:22:09,233.3,SGD,paynow,approved,,psp_000882
883,813,2026-06-13 19:59:11,12.9,SGD,card_mastercard,approved,,psp_000883
884,814,2026-06-13 17:38:09,48.0,SGD,paynow,approved,,psp_000884
885,815,2026-06-13 08:30:22,268.0,SGD,card_amex,approved,,psp_000885
886,816,2026-06-13 16:04:17,53.91,SGD,card_visa,approved,,psp_000886
887,817,2026-06-13 21:17:43,190.0,SGD,card_visa,approved,,psp_000887
888,818,2026-06-14 19:56:21,104.9,SGD,grabpay,approved,,psp_000888
889,819,2026-06-14 19:34:53,158.6,SGD,card_visa,approved,,psp_000889
890,820,2026-06-14 10:36:57,45.0,SGD,card_visa,approved,,psp_000890
891,821,2026-06-14 21:13:29,221.9,SGD,card_mastercard,approved,,psp_000891
892,822,2026-06-14 10:33:50,90.0,SGD,card_mastercard,approved,,psp_000892
893,823,2026-06-14 07:52:16,24.0,SGD,card_visa,approved,,psp_000893
894,824,2026-06-15 00:18:22,121.5,SGD,card_visa,approved,,psp_000894
895,825,2026-06-14 14:06:47,45.0,SGD,card_mastercard,approved,,psp_000895
896,826,2026-06-14 21:30:20,24.0,SGD,card_mastercard,approved,,psp_000896
897,827,2026-06-14 13:07:09,189.0,SGD,paynow,approved,,psp_000897
898,828,2026-06-14 10:40:23,135.0,SGD,card_mastercard,approved,,psp_000898
899,829,2026-06-14 14:12:19,146.9,SGD,card_mastercard,approved,,psp_000899
900,829,2026-06-25 14:12:19,-146.9,SGD,card_mastercard,refunded,,psp_000900
901,830,2026-06-14 21:30:54,69.0,SGD,card_visa,approved,,psp_000901
902,831,2026-06-14 23:02:47,296.9,SGD,paynow,approved,,psp_000902
903,832,2026-06-14 22:04:03,90.0,SGD,card_visa,approved,,psp_000903
904,833,2026-06-14 13:04:41,170.1,SGD,paynow,approved,,psp_000904
905,833,2026-06-24 13:04:41,-170.1,SGD,paynow,refunded,,psp_000905
906,834,2026-06-14 19:41:02,76.55,SGD,paynow,approved,,psp_000906
907,835,2026-06-15 23:47:12,12.9,SGD,paynow,approved,,psp_000907
908,836,2026-06-15 16:59:00,71.51,SGD,paynow,declined,do_not_honour,psp_000908
909,837,2026-06-15 22:15:36,45.0,SGD,paynow,approved,,psp_000909
910,838,2026-06-15 19:16:23,119.8,SGD,card_mastercard,approved,,psp_000910
911,839,2026-06-15 18:51:49,79.0,SGD,card_visa,approved,,psp_000911
912,840,2026-06-15 12:54:10,189.0,SGD,grabpay,approved,,psp_000912
913,841,2026-06-15 12:46:40,212.45,SGD,card_mastercard,approved,,psp_000913
914,842,2026-06-15 17:04:36,45.0,SGD,paynow,approved,,psp_000914
915,843,2026-06-15 19:46:01,55.65,SGD,card_mastercard,approved,,psp_000915
916,844,2026-06-15 21:17:18,279.0,SGD,paynow,approved,,psp_000916
917,845,2026-06-15 20:55:52,74.61,SGD,grabpay,approved,,psp_000917
918,846,2026-06-16 15:30:49,12.9,SGD,grabpay,approved,,psp_000918
919,847,2026-06-16 19:07:14,63.72,SGD,card_mastercard,approved,,psp_000919
920,848,2026-06-16 10:15:43,29.61,SGD,card_visa,approved,,psp_000920
921,849,2026-06-16 17:41:26,90.0,SGD,card_mastercard,approved,,psp_000921
922,850,2026-06-16 08:44:33,32.9,SGD,grabpay,approved,,psp_000922
923,851,2026-06-16 22:19:48,12.9,SGD,card_mastercard,approved,,psp_000923
924,852,2026-06-16 09:24:52,24.0,SGD,card_visa,approved,,psp_000924
925,853,2026-06-16 14:26:01,101.9,SGD,card_mastercard,approved,,psp_000925
926,854,2026-06-16 19:17:46,69.0,SGD,card_visa,approved,,psp_000926
927,855,2026-06-16 14:05:46,387.0,SGD,card_amex,approved,,psp_000927
928,856,2026-06-17 19:13:00,59.9,SGD,card_mastercard,approved,,psp_000928
929,857,2026-06-17 13:23:03,359.1,SGD,card_mastercard,approved,,psp_000929
930,858,2026-06-17 21:24:01,22.8,SGD,card_mastercard,approved,,psp_000930
931,859,2026-06-17 23:24:42,57.9,SGD,card_visa,approved,,psp_000931
932,859,2026-06-25 23:24:42,-57.9,SGD,card_visa,refunded,,psp_000932
933,860,2026-06-17 10:23:07,42.75,SGD,card_visa,approved,,psp_000933
934,861,2026-06-17 11:18:38,79.0,SGD,card_mastercard,approved,,psp_000934
935,862,2026-06-17 13:41:39,129.0,SGD,grabpay,approved,,psp_000935
936,863,2026-06-17 22:38:59,79.0,SGD,card_visa,approved,,psp_000936
937,864,2026-06-17 14:53:42,72.0,SGD,card_visa,approved,,psp_000937
938,865,2026-06-17 13:20:24,170.1,SGD,paynow,approved,,psp_000938
939,866,2026-06-18 11:23:45,138.9,SGD,card_visa,approved,,psp_000939
940,867,2026-06-18 12:16:38,119.8,SGD,card_mastercard,approved,,psp_000940
941,868,2026-06-18 13:23:59,45.0,SGD,card_mastercard,approved,,psp_000941
942,869,2026-06-18 12:47:25,129.0,SGD,paynow,approved,,psp_000942
943,870,2026-06-18 09:10:22,189.0,SGD,paynow,approved,,psp_000943
944,871,2026-06-18 12:54:08,45.0,SGD,card_amex,approved,,psp_000944
945,872,2026-06-18 18:28:29,289.25,SGD,card_mastercard,approved,,psp_000945
946,872,2026-06-21 18:28:29,-289.25,SGD,card_mastercard,refunded,,psp_000946
947,873,2026-06-18 14:36:13,210.95,SGD,card_visa,approved,,psp_000947
948,874,2026-06-18 21:01:55,378.0,SGD,paynow,approved,,psp_000948
949,875,2026-06-18 09:53:53,48.0,SGD,card_visa,approved,,psp_000949
950,876,2026-06-19 11:57:29,75.4,SGD,card_visa,declined,expired_card,psp_000950
951,877,2026-06-19 11:44:50,42.75,SGD,card_visa,approved,,psp_000951
952,878,2026-06-19 11:29:46,11.61,SGD,paynow,declined,expired_card,psp_000952
953,878,2026-06-19 12:00:46,11.61,SGD,paynow,approved,,psp_000953
954,879,2026-06-19 08:00:25,24.0,SGD,card_visa,approved,,psp_000954
955,880,2026-06-19 15:50:48,40.5,SGD,card_visa,approved,,psp_000955
956,881,2026-06-19 21:52:13,232.2,SGD,card_visa,approved,,psp_000956
957,882,2026-06-19 22:04:55,161.73,SGD,grabpay,approved,,psp_000957
958,883,2026-06-19 19:58:53,396.5,SGD,card_visa,approved,,psp_000958
959,884,2026-06-19 10:55:37,32.9,SGD,card_mastercard,approved,,psp_000959
960,885,2026-06-19 12:42:13,394.8,SGD,paynow,approved,,psp_000960
961,886,2026-06-19 14:54:39,147.5,SGD,bank_transfer,approved,,psp_000961
962,887,2026-06-19 10:14:36,65.55,SGD,card_mastercard,approved,,psp_000962
963,888,2026-06-19 10:28:09,119.8,SGD,card_visa,approved,,psp_000963
964,889,2026-06-19 19:21:04,17.57,SGD,card_visa,approved,,psp_000964
965,890,2026-06-20 21:04:02,124.0,SGD,card_mastercard,approved,,psp_000965
966,891,2026-06-20 21:01:03,153.0,SGD,paynow,approved,,psp_000966
967,892,2026-06-20 05:54:36,87.86,SGD,grabpay,approved,,psp_000967
968,893,2026-06-20 15:07:00,45.0,SGD,paynow,declined,do_not_honour,psp_000968
969,894,2026-06-20 16:40:47,59.9,SGD,paynow,approved,,psp_000969
970,895,2026-06-20 15:57:21,128.25,SGD,card_mastercard,approved,,psp_000970
971,896,2026-06-20 19:25:05,287.7,SGD,card_mastercard,approved,,psp_000971
972,897,2026-06-20 12:33:29,45.0,SGD,paynow,approved,,psp_000972
973,898,2026-06-20 13:38:12,129.0,SGD,card_mastercard,approved,,psp_000973
974,899,2026-06-20 21:55:18,62.51,SGD,card_visa,approved,,psp_000974
975,900,2026-06-20 22:14:49,538.65,SGD,grabpay,approved,,psp_000975
976,901,2026-06-21 19:09:17,65.8,SGD,grabpay,approved,,psp_000976
977,902,2026-06-21 14:43:03,93.76,SGD,card_visa,approved,,psp_000977
978,903,2026-06-21 09:05:55,80.9,SGD,card_mastercard,approved,,psp_000978
979,904,2026-06-21 18:59:57,119.8,SGD,card_amex,approved,,psp_000979
980,905,2026-06-21 10:49:48,507.75,SGD,bank_transfer,approved,,psp_000980
981,906,2026-06-21 22:12:03,88.83,SGD,card_mastercard,approved,,psp_000981
982,907,2026-06-21 20:51:51,18.5,SGD,grabpay,approved,,psp_000982
983,908,2026-06-21 23:55:57,158.5,SGD,paynow,approved,,psp_000983
984,909,2026-06-21 20:50:12,66.75,SGD,card_mastercard,approved,,psp_000984
985,910,2026-06-21 16:16:44,79.0,SGD,grabpay,approved,,psp_000985
986,911,2026-06-21 16:08:24,18.5,SGD,card_mastercard,approved,,psp_000986
987,912,2026-06-21 22:34:50,79.0,SGD,card_mastercard,approved,,psp_000987
988,913,2026-06-22 18:29:23,16.65,SGD,card_mastercard,declined,do_not_honour,psp_000988
989,914,2026-06-22 19:19:50,61.0,SGD,card_visa,declined,insufficient_funds,psp_000989
990,915,2026-06-22 13:27:23,79.0,SGD,card_amex,approved,,psp_000990
991,916,2026-06-22 13:03:47,83.01,SGD,card_visa,approved,,psp_000991
992,917,2026-06-22 11:57:36,75.05,SGD,bank_transfer,approved,,psp_000992
993,918,2026-06-22 16:50:57,22.8,SGD,card_mastercard,approved,,psp_000993
994,919,2026-06-22 20:08:03,189.0,SGD,card_visa,approved,,psp_000994
995,920,2026-06-22 09:26:37,287.7,SGD,card_visa,approved,,psp_000995
996,921,2026-06-23 10:10:28,12.9,SGD,card_mastercard,approved,,psp_000996
997,922,2026-06-23 14:23:14,203.55,SGD,card_visa,approved,,psp_000997
998,923,2026-06-23 22:35:20,24.0,SGD,grabpay,approved,,psp_000998
999,924,2026-06-23 11:43:00,16.65,SGD,card_amex,approved,,psp_000999
1000,925,2026-06-23 20:38:18,48.51,SGD,card_mastercard,approved,,psp_001000
1001,926,2026-06-23 23:00:54,308.8,SGD,paynow,approved,,psp_001001
1002,927,2026-06-23 10:51:53,62.51,SGD,card_visa,approved,,psp_001002
1003,928,2026-06-23 14:56:03,48.0,SGD,paynow,approved,,psp_001003
1004,929,2026-06-23 21:53:30,63.5,SGD,paynow,approved,,psp_001004
1005,930,2026-06-23 15:25:42,45.0,SGD,card_visa,approved,,psp_001005
1006,931,2026-06-23 11:04:19,65.8,SGD,paynow,approved,,psp_001006
1007,932,2026-06-24 20:09:27,79.0,SGD,card_visa,approved,,psp_001007
1008,933,2026-06-24 20:21:20,45.0,SGD,paynow,approved,,psp_001008
1009,934,2026-06-24 14:07:34,12.9,SGD,card_mastercard,approved,,psp_001009
1010,935,2026-06-24 18:10:08,25.8,SGD,card_visa,approved,,psp_001010
1011,936,2026-06-24 09:47:40,42.75,SGD,card_visa,approved,,psp_001011
1013,937,2026-06-24 13:55:20,33.3,SGD,card_visa,approved,,psp_001013
1014,938,2026-06-24 08:24:19,161.9,SGD,card_visa,approved,,psp_001014
1015,939,2026-06-24 19:49:33,237.0,SGD,grabpay,approved,,psp_001015
1016,940,2026-06-24 19:28:46,79.0,SGD,card_mastercard,approved,,psp_001016
1017,941,2026-06-24 15:07:19,167.9,SGD,bank_transfer,approved,,psp_001017
1018,942,2026-06-25 12:59:40,59.9,SGD,card_visa,approved,,psp_001018
1019,943,2026-06-25 22:37:51,24.0,SGD,card_visa,approved,,psp_001019
1020,944,2026-06-25 11:21:55,258.0,SGD,card_visa,approved,,psp_001020
1022,945,2026-06-25 20:07:47,378.0,SGD,card_visa,approved,,psp_001022
1023,946,2026-06-25 18:12:37,263.45,SGD,card_mastercard,approved,,psp_001023
1024,947,2026-06-25 21:21:51,134.6,SGD,card_visa,approved,,psp_001024
1025,948,2026-06-25 15:42:41,24.0,SGD,card_visa,approved,,psp_001025
1026,949,2026-06-25 11:27:31,69.0,SGD,card_visa,approved,,psp_001026
1027,950,2026-06-26 15:55:29,119.8,SGD,grabpay,approved,,psp_001027
1028,951,2026-06-26 19:17:47,201.8,SGD,paynow,approved,,psp_001028
1029,952,2026-06-26 09:42:02,81.0,SGD,card_visa,approved,,psp_001029
1030,953,2026-06-26 16:15:39,73.4,SGD,card_visa,approved,,psp_001030
1031,954,2026-06-26 19:41:22,59.9,SGD,paynow,approved,,psp_001031
1032,955,2026-06-26 13:58:50,42.75,SGD,card_visa,approved,,psp_001032
1033,956,2026-06-26 12:07:16,89.15,SGD,card_visa,approved,,psp_001033
1034,957,2026-06-26 12:44:31,90.0,SGD,card_visa,approved,,psp_001034
1035,958,2026-06-26 12:54:17,45.0,SGD,paynow,approved,,psp_001035
1036,959,2026-06-27 14:40:48,77.9,SGD,paynow,approved,,psp_001036
1037,960,2026-06-27 19:00:19,383.1,SGD,paynow,approved,,psp_001037
1038,961,2026-06-27 22:51:22,219.45,SGD,card_mastercard,declined,gateway_timeout,psp_001038
1039,962,2026-06-27 16:44:43,179.55,SGD,card_mastercard,approved,,psp_001039
1040,963,2026-06-27 19:30:59,31.4,SGD,card_mastercard,approved,,psp_001040
1041,964,2026-06-27 12:26:03,48.0,SGD,card_visa,approved,,psp_001041
1042,965,2026-06-27 15:37:50,111.9,SGD,card_visa,approved,,psp_001042
1043,966,2026-06-27 21:05:50,211.21,SGD,card_visa,approved,,psp_001043
1044,967,2026-06-27 21:15:27,45.0,SGD,card_visa,approved,,psp_001044
1045,968,2026-06-28 15:09:40,194.9,SGD,card_mastercard,approved,,psp_001045
1046,969,2026-06-28 22:46:39,121.75,SGD,card_mastercard,approved,,psp_001046
1047,970,2026-06-28 07:16:24,172.0,SGD,grabpay,approved,,psp_001047
1048,971,2026-06-28 15:38:24,90.0,SGD,grabpay,approved,,psp_001048
1049,972,2026-06-28 22:14:00,56.9,SGD,card_mastercard,approved,,psp_001049
1050,973,2026-06-28 18:35:03,108.5,SGD,card_mastercard,approved,,psp_001050
1051,974,2026-06-28 19:36:59,55.5,SGD,card_visa,approved,,psp_001051
1052,975,2026-06-28 17:04:37,90.0,SGD,grabpay,approved,,psp_001052
1053,976,2026-06-28 08:19:23,101.9,SGD,paynow,approved,,psp_001053
1054,977,2026-06-28 17:17:42,215.1,SGD,paynow,approved,,psp_001054
1055,978,2026-06-28 21:35:05,69.51,SGD,card_mastercard,approved,,psp_001055
1056,979,2026-06-29 15:03:20,116.1,SGD,bank_transfer,approved,,psp_001056
1057,980,2026-06-29 19:32:12,282.0,SGD,card_amex,approved,,psp_001057
1058,981,2026-06-29 20:09:11,32.9,SGD,paynow,approved,,psp_001058
1059,982,2026-06-29 17:27:26,79.0,SGD,card_amex,approved,,psp_001059
1060,983,2026-06-29 13:51:33,128.31,SGD,card_amex,approved,,psp_001060
1061,984,2026-06-29 12:42:49,129.0,SGD,card_visa,approved,,psp_001061
1062,985,2026-06-29 14:10:36,129.0,SGD,card_amex,approved,,psp_001062
